fecha;cod_producto;stock_disponible
2020-01;MRC-4T-1L;66
2020-02;MRC-4T-1L;66
2020-03;MRC-4T-1L;66
2020-04;MRC-4T-1L;66
2020-05;MRC-4T-1L;66
2020-06;MRC-4T-1L;66
2020-07;MRC-4T-1L;66
2020-08;MRC-4T-1L;66
2020-09;MRC-4T-1L;66
2020-10;MRC-4T-1L;65
2020-11;MRC-4T-1L;66
2020-12;MRC-4T-1L;66
2021-01;MRC-4T-1L;67
2021-02;MRC-4T-1L;68
2021-03;MRC-4T-1L;67
2021-04;MRC-4T-1L;67
2021-05;MRC-4T-1L;68
2021-06;MRC-4T-1L;68
2021-07;MRC-4T-1L;67
2021-08;MRC-4T-1L;67
2021-09;MRC-4T-1L;68
2021-10;MRC-4T-1L;67
2021-11;MRC-4T-1L;67
2021-12;MRC-4T-1L;68
2022-01;MRC-4T-1L;69
2022-02;MRC-4T-1L;69
2022-03;MRC-4T-1L;68
2022-04;MRC-4T-1L;69
2022-05;MRC-4T-1L;69
2022-06;MRC-4T-1L;68
2022-07;MRC-4T-1L;69
2022-08;MRC-4T-1L;69
2022-09;MRC-4T-1L;68
2022-10;MRC-4T-1L;68
2022-11;MRC-4T-1L;69
2022-12;MRC-4T-1L;69
2023-01;MRC-4T-1L;70
2023-02;MRC-4T-1L;71
2023-03;MRC-4T-1L;70
2023-04;MRC-4T-1L;70
2023-05;MRC-4T-1L;71
2023-06;MRC-4T-1L;70
2023-07;MRC-4T-1L;70
2023-08;MRC-4T-1L;70
2023-09;MRC-4T-1L;70
2023-10;MRC-4T-1L;70
2023-11;MRC-4T-1L;70
2023-12;MRC-4T-1L;69
2024-01;MRC-4T-1L;72
2024-02;MRC-4T-1L;71
2024-03;MRC-4T-1L;71
2024-04;MRC-4T-1L;72
2024-05;MRC-4T-1L;71
2024-06;MRC-4T-1L;71
2024-07;MRC-4T-1L;72
2024-08;MRC-4T-1L;72
2024-09;MRC-4T-1L;71
2024-10;MRC-4T-1L;71
2024-11;MRC-4T-1L;72
2024-12;MRC-4T-1L;71
2025-01;MRC-4T-1L;73
2025-02;MRC-4T-1L;72
2025-03;MRC-4T-1L;73
2025-04;MRC-4T-1L;73
2025-05;MRC-4T-1L;72
2025-06;MRC-4T-1L;73
2025-07;MRC-4T-1L;73
2025-08;MRC-4T-1L;72
2025-09;MRC-4T-1L;72
2025-10;MRC-4T-1L;73
2025-11;MRC-4T-1L;72
2025-12;MRC-4T-1L;72
2020-01;MRC-4T-4L;24
2020-02;MRC-4T-4L;24
2020-03;MRC-4T-4L;24
2020-04;MRC-4T-4L;24
2020-05;MRC-4T-4L;24
2020-06;MRC-4T-4L;24
2020-07;MRC-4T-4L;24
2020-08;MRC-4T-4L;24
2020-09;MRC-4T-4L;24
2020-10;MRC-4T-4L;24
2020-11;MRC-4T-4L;24
2020-12;MRC-4T-4L;24
2021-01;MRC-4T-4L;25
2021-02;MRC-4T-4L;25
2021-03;MRC-4T-4L;24
2021-04;MRC-4T-4L;25
2021-05;MRC-4T-4L;25
2021-06;MRC-4T-4L;24
2021-07;MRC-4T-4L;24
2021-08;MRC-4T-4L;25
2021-09;MRC-4T-4L;24
2021-10;MRC-4T-4L;24
2021-11;MRC-4T-4L;25
2021-12;MRC-4T-4L;24
2022-01;MRC-4T-4L;25
2022-02;MRC-4T-4L;25
2022-03;MRC-4T-4L;25
2022-04;MRC-4T-4L;25
2022-05;MRC-4T-4L;25
2022-06;MRC-4T-4L;25
2022-07;MRC-4T-4L;25
2022-08;MRC-4T-4L;25
2022-09;MRC-4T-4L;25
2022-10;MRC-4T-4L;25
2022-11;MRC-4T-4L;25
2022-12;MRC-4T-4L;25
2023-01;MRC-4T-4L;26
2023-02;MRC-4T-4L;25
2023-03;MRC-4T-4L;25
2023-04;MRC-4T-4L;26
2023-05;MRC-4T-4L;25
2023-06;MRC-4T-4L;25
2023-07;MRC-4T-4L;26
2023-08;MRC-4T-4L;25
2023-09;MRC-4T-4L;25
2023-10;MRC-4T-4L;26
2023-11;MRC-4T-4L;26
2023-12;MRC-4T-4L;25
2024-01;MRC-4T-4L;26
2024-02;MRC-4T-4L;26
2024-03;MRC-4T-4L;26
2024-04;MRC-4T-4L;26
2024-05;MRC-4T-4L;26
2024-06;MRC-4T-4L;26
2024-07;MRC-4T-4L;26
2024-08;MRC-4T-4L;26
2024-09;MRC-4T-4L;26
2024-10;MRC-4T-4L;26
2024-11;MRC-4T-4L;26
2024-12;MRC-4T-4L;26
2025-01;MRC-4T-4L;26
2025-02;MRC-4T-4L;26
2025-03;MRC-4T-4L;27
2025-04;MRC-4T-4L;26
2025-05;MRC-4T-4L;26
2025-06;MRC-4T-4L;26
2025-07;MRC-4T-4L;26
2025-08;MRC-4T-4L;26
2025-09;MRC-4T-4L;26
2025-10;MRC-4T-4L;27
2025-11;MRC-4T-4L;26
2025-12;MRC-4T-4L;26
2020-01;MRC-4T-25L;8
2020-02;MRC-4T-25L;8
2020-03;MRC-4T-25L;8
2020-04;MRC-4T-25L;8
2020-05;MRC-4T-25L;8
2020-06;MRC-4T-25L;8
2020-07;MRC-4T-25L;8
2020-08;MRC-4T-25L;8
2020-09;MRC-4T-25L;8
2020-10;MRC-4T-25L;8
2020-11;MRC-4T-25L;8
2020-12;MRC-4T-25L;8
2021-01;MRC-4T-25L;8
2021-02;MRC-4T-25L;8
2021-03;MRC-4T-25L;8
2021-04;MRC-4T-25L;8
2021-05;MRC-4T-25L;8
2021-06;MRC-4T-25L;8
2021-07;MRC-4T-25L;8
2021-08;MRC-4T-25L;8
2021-09;MRC-4T-25L;8
2021-10;MRC-4T-25L;8
2021-11;MRC-4T-25L;8
2021-12;MRC-4T-25L;8
2022-01;MRC-4T-25L;8
2022-02;MRC-4T-25L;8
2022-03;MRC-4T-25L;8
2022-04;MRC-4T-25L;8
2022-05;MRC-4T-25L;8
2022-06;MRC-4T-25L;8
2022-07;MRC-4T-25L;8
2022-08;MRC-4T-25L;8
2022-09;MRC-4T-25L;8
2022-10;MRC-4T-25L;8
2022-11;MRC-4T-25L;8
2022-12;MRC-4T-25L;8
2023-01;MRC-4T-25L;8
2023-02;MRC-4T-25L;9
2023-03;MRC-4T-25L;8
2023-04;MRC-4T-25L;8
2023-05;MRC-4T-25L;9
2023-06;MRC-4T-25L;8
2023-07;MRC-4T-25L;8
2023-08;MRC-4T-25L;9
2023-09;MRC-4T-25L;9
2023-10;MRC-4T-25L;8
2023-11;MRC-4T-25L;8
2023-12;MRC-4T-25L;9
2024-01;MRC-4T-25L;9
2024-02;MRC-4T-25L;9
2024-03;MRC-4T-25L;9
2024-04;MRC-4T-25L;9
2024-05;MRC-4T-25L;9
2024-06;MRC-4T-25L;9
2024-07;MRC-4T-25L;9
2024-08;MRC-4T-25L;9
2024-09;MRC-4T-25L;9
2024-10;MRC-4T-25L;9
2024-11;MRC-4T-25L;9
2024-12;MRC-4T-25L;9
2025-01;MRC-4T-25L;9
2025-02;MRC-4T-25L;9
2025-03;MRC-4T-25L;9
2025-04;MRC-4T-25L;9
2025-05;MRC-4T-25L;9
2025-06;MRC-4T-25L;9
2025-07;MRC-4T-25L;9
2025-08;MRC-4T-25L;9
2025-09;MRC-4T-25L;9
2025-10;MRC-4T-25L;9
2025-11;MRC-4T-25L;9
2025-12;MRC-4T-25L;9
2020-01;MRC-2T-1L;45
2020-02;MRC-2T-1L;45
2020-03;MRC-2T-1L;45
2020-04;MRC-2T-1L;45
2020-05;MRC-2T-1L;45
2020-06;MRC-2T-1L;45
2020-07;MRC-2T-1L;45
2020-08;MRC-2T-1L;45
2020-09;MRC-2T-1L;45
2020-10;MRC-2T-1L;45
2020-11;MRC-2T-1L;45
2020-12;MRC-2T-1L;45
2021-01;MRC-2T-1L;46
2021-02;MRC-2T-1L;46
2021-03;MRC-2T-1L;46
2021-04;MRC-2T-1L;46
2021-05;MRC-2T-1L;46
2021-06;MRC-2T-1L;46
2021-07;MRC-2T-1L;46
2021-08;MRC-2T-1L;46
2021-09;MRC-2T-1L;46
2021-10;MRC-2T-1L;46
2021-11;MRC-2T-1L;46
2021-12;MRC-2T-1L;46
2022-01;MRC-2T-1L;47
2022-02;MRC-2T-1L;47
2022-03;MRC-2T-1L;46
2022-04;MRC-2T-1L;47
2022-05;MRC-2T-1L;47
2022-06;MRC-2T-1L;47
2022-07;MRC-2T-1L;47
2022-08;MRC-2T-1L;47
2022-09;MRC-2T-1L;47
2022-10;MRC-2T-1L;47
2022-11;MRC-2T-1L;47
2022-12;MRC-2T-1L;47
2023-01;MRC-2T-1L;48
2023-02;MRC-2T-1L;48
2023-03;MRC-2T-1L;47
2023-04;MRC-2T-1L;48
2023-05;MRC-2T-1L;48
2023-06;MRC-2T-1L;47
2023-07;MRC-2T-1L;48
2023-08;MRC-2T-1L;48
2023-09;MRC-2T-1L;47
2023-10;MRC-2T-1L;48
2023-11;MRC-2T-1L;48
2023-12;MRC-2T-1L;48
2024-01;MRC-2T-1L;49
2024-02;MRC-2T-1L;49
2024-03;MRC-2T-1L;48
2024-04;MRC-2T-1L;49
2024-05;MRC-2T-1L;49
2024-06;MRC-2T-1L;48
2024-07;MRC-2T-1L;49
2024-08;MRC-2T-1L;49
2024-09;MRC-2T-1L;48
2024-10;MRC-2T-1L;49
2024-11;MRC-2T-1L;49
2024-12;MRC-2T-1L;48
2025-01;MRC-2T-1L;50
2025-02;MRC-2T-1L;49
2025-03;MRC-2T-1L;49
2025-04;MRC-2T-1L;50
2025-05;MRC-2T-1L;49
2025-06;MRC-2T-1L;49
2025-07;MRC-2T-1L;50
2025-08;MRC-2T-1L;50
2025-09;MRC-2T-1L;49
2025-10;MRC-2T-1L;50
2025-11;MRC-2T-1L;50
2025-12;MRC-2T-1L;49
2020-01;QSV-HPS-1L;21
2020-02;QSV-HPS-1L;21
2020-03;QSV-HPS-1L;21
2020-04;QSV-HPS-1L;21
2020-05;QSV-HPS-1L;21
2020-06;QSV-HPS-1L;21
2020-07;QSV-HPS-1L;21
2020-08;QSV-HPS-1L;21
2020-09;QSV-HPS-1L;21
2020-10;QSV-HPS-1L;21
2020-11;QSV-HPS-1L;21
2020-12;QSV-HPS-1L;21
2021-01;QSV-HPS-1L;21
2021-02;QSV-HPS-1L;21
2021-03;QSV-HPS-1L;21
2021-04;QSV-HPS-1L;22
2021-05;QSV-HPS-1L;21
2021-06;QSV-HPS-1L;21
2021-07;QSV-HPS-1L;22
2021-08;QSV-HPS-1L;21
2021-09;QSV-HPS-1L;21
2021-10;QSV-HPS-1L;22
2021-11;QSV-HPS-1L;21
2021-12;QSV-HPS-1L;21
2022-01;QSV-HPS-1L;22
2022-02;QSV-HPS-1L;22
2022-03;QSV-HPS-1L;22
2022-04;QSV-HPS-1L;22
2022-05;QSV-HPS-1L;22
2022-06;QSV-HPS-1L;22
2022-07;QSV-HPS-1L;22
2022-08;QSV-HPS-1L;22
2022-09;QSV-HPS-1L;22
2022-10;QSV-HPS-1L;22
2022-11;QSV-HPS-1L;22
2022-12;QSV-HPS-1L;22
2023-01;QSV-HPS-1L;22
2023-02;QSV-HPS-1L;22
2023-03;QSV-HPS-1L;22
2023-04;QSV-HPS-1L;22
2023-05;QSV-HPS-1L;22
2023-06;QSV-HPS-1L;22
2023-07;QSV-HPS-1L;22
2023-08;QSV-HPS-1L;22
2023-09;QSV-HPS-1L;22
2023-10;QSV-HPS-1L;22
2023-11;QSV-HPS-1L;22
2023-12;QSV-HPS-1L;22
2024-01;QSV-HPS-1L;23
2024-02;QSV-HPS-1L;23
2024-03;QSV-HPS-1L;22
2024-04;QSV-HPS-1L;23
2024-05;QSV-HPS-1L;23
2024-06;QSV-HPS-1L;23
2024-07;QSV-HPS-1L;23
2024-08;QSV-HPS-1L;23
2024-09;QSV-HPS-1L;23
2024-10;QSV-HPS-1L;23
2024-11;QSV-HPS-1L;23
2024-12;QSV-HPS-1L;23
2025-01;QSV-HPS-1L;23
2025-02;QSV-HPS-1L;23
2025-03;QSV-HPS-1L;23
2025-04;QSV-HPS-1L;23
2025-05;QSV-HPS-1L;23
2025-06;QSV-HPS-1L;23
2025-07;QSV-HPS-1L;23
2025-08;QSV-HPS-1L;23
2025-09;QSV-HPS-1L;23
2025-10;QSV-HPS-1L;23
2025-11;QSV-HPS-1L;23
2025-12;QSV-HPS-1L;23
2020-01;QSV-PST-200;15
2020-02;QSV-PST-200;15
2020-03;QSV-PST-200;15
2020-04;QSV-PST-200;15
2020-05;QSV-PST-200;15
2020-06;QSV-PST-200;15
2020-07;QSV-PST-200;15
2020-08;QSV-PST-200;15
2020-09;QSV-PST-200;15
2020-10;QSV-PST-200;15
2020-11;QSV-PST-200;15
2020-12;QSV-PST-200;15
2021-01;QSV-PST-200;15
2021-02;QSV-PST-200;15
2021-03;QSV-PST-200;15
2021-04;QSV-PST-200;15
2021-05;QSV-PST-200;15
2021-06;QSV-PST-200;15
2021-07;QSV-PST-200;15
2021-08;QSV-PST-200;15
2021-09;QSV-PST-200;15
2021-10;QSV-PST-200;15
2021-11;QSV-PST-200;15
2021-12;QSV-PST-200;15
2022-01;QSV-PST-200;16
2022-02;QSV-PST-200;16
2022-03;QSV-PST-200;15
2022-04;QSV-PST-200;16
2022-05;QSV-PST-200;16
2022-06;QSV-PST-200;15
2022-07;QSV-PST-200;16
2022-08;QSV-PST-200;16
2022-09;QSV-PST-200;16
2022-10;QSV-PST-200;16
2022-11;QSV-PST-200;16
2022-12;QSV-PST-200;16
2023-01;QSV-PST-200;16
2023-02;QSV-PST-200;16
2023-03;QSV-PST-200;16
2023-04;QSV-PST-200;16
2023-05;QSV-PST-200;16
2023-06;QSV-PST-200;16
2023-07;QSV-PST-200;16
2023-08;QSV-PST-200;16
2023-09;QSV-PST-200;16
2023-10;QSV-PST-200;16
2023-11;QSV-PST-200;16
2023-12;QSV-PST-200;16
2024-01;QSV-PST-200;16
2024-02;QSV-PST-200;16
2024-03;QSV-PST-200;16
2024-04;QSV-PST-200;16
2024-05;QSV-PST-200;16
2024-06;QSV-PST-200;16
2024-07;QSV-PST-200;16
2024-08;QSV-PST-200;16
2024-09;QSV-PST-200;16
2024-10;QSV-PST-200;16
2024-11;QSV-PST-200;16
2024-12;QSV-PST-200;16
2025-01;QSV-PST-200;17
2025-02;QSV-PST-200;16
2025-03;QSV-PST-200;16
2025-04;QSV-PST-200;17
2025-05;QSV-PST-200;16
2025-06;QSV-PST-200;16
2025-07;QSV-PST-200;17
2025-08;QSV-PST-200;16
2025-09;QSV-PST-200;16
2025-10;QSV-PST-200;17
2025-11;QSV-PST-200;17
2025-12;QSV-PST-200;16
2020-01;QSV-ANF-1L;27
2020-02;QSV-ANF-1L;27
2020-03;QSV-ANF-1L;27
2020-04;QSV-ANF-1L;27
2020-05;QSV-ANF-1L;27
2020-06;QSV-ANF-1L;27
2020-07;QSV-ANF-1L;27
2020-08;QSV-ANF-1L;27
2020-09;QSV-ANF-1L;27
2020-10;QSV-ANF-1L;27
2020-11;QSV-ANF-1L;27
2020-12;QSV-ANF-1L;27
2021-01;QSV-ANF-1L;28
2021-02;QSV-ANF-1L;28
2021-03;QSV-ANF-1L;27
2021-04;QSV-ANF-1L;27
2021-05;QSV-ANF-1L;28
2021-06;QSV-ANF-1L;27
2021-07;QSV-ANF-1L;27
2021-08;QSV-ANF-1L;28
2021-09;QSV-ANF-1L;28
2021-10;QSV-ANF-1L;27
2021-11;QSV-ANF-1L;28
2021-12;QSV-ANF-1L;28
2022-01;QSV-ANF-1L;28
2022-02;QSV-ANF-1L;28
2022-03;QSV-ANF-1L;28
2022-04;QSV-ANF-1L;28
2022-05;QSV-ANF-1L;28
2022-06;QSV-ANF-1L;28
2022-07;QSV-ANF-1L;28
2022-08;QSV-ANF-1L;28
2022-09;QSV-ANF-1L;28
2022-10;QSV-ANF-1L;28
2022-11;QSV-ANF-1L;28
2022-12;QSV-ANF-1L;28
2023-01;QSV-ANF-1L;29
2023-02;QSV-ANF-1L;28
2023-03;QSV-ANF-1L;29
2023-04;QSV-ANF-1L;29
2023-05;QSV-ANF-1L;29
2023-06;QSV-ANF-1L;29
2023-07;QSV-ANF-1L;29
2023-08;QSV-ANF-1L;29
2023-09;QSV-ANF-1L;28
2023-10;QSV-ANF-1L;29
2023-11;QSV-ANF-1L;29
2023-12;QSV-ANF-1L;28
2024-01;QSV-ANF-1L;29
2024-02;QSV-ANF-1L;29
2024-03;QSV-ANF-1L;29
2024-04;QSV-ANF-1L;29
2024-05;QSV-ANF-1L;29
2024-06;QSV-ANF-1L;29
2024-07;QSV-ANF-1L;29
2024-08;QSV-ANF-1L;29
2024-09;QSV-ANF-1L;29
2024-10;QSV-ANF-1L;29
2024-11;QSV-ANF-1L;29
2024-12;QSV-ANF-1L;29
2025-01;QSV-ANF-1L;29
2025-02;QSV-ANF-1L;30
2025-03;QSV-ANF-1L;30
2025-04;QSV-ANF-1L;30
2025-05;QSV-ANF-1L;30
2025-06;QSV-ANF-1L;30
2025-07;QSV-ANF-1L;30
2025-08;QSV-ANF-1L;30
2025-09;QSV-ANF-1L;30
2025-10;QSV-ANF-1L;30
2025-11;QSV-ANF-1L;29
2025-12;QSV-ANF-1L;30
2020-01;MRC-DFI-4L;12
2020-02;MRC-DFI-4L;12
2020-03;MRC-DFI-4L;12
2020-04;MRC-DFI-4L;12
2020-05;MRC-DFI-4L;12
2020-06;MRC-DFI-4L;12
2020-07;MRC-DFI-4L;12
2020-08;MRC-DFI-4L;12
2020-09;MRC-DFI-4L;12
2020-10;MRC-DFI-4L;12
2020-11;MRC-DFI-4L;12
2020-12;MRC-DFI-4L;12
2021-01;MRC-DFI-4L;12
2021-02;MRC-DFI-4L;12
2021-03;MRC-DFI-4L;12
2021-04;MRC-DFI-4L;12
2021-05;MRC-DFI-4L;12
2021-06;MRC-DFI-4L;12
2021-07;MRC-DFI-4L;12
2021-08;MRC-DFI-4L;12
2021-09;MRC-DFI-4L;12
2021-10;MRC-DFI-4L;12
2021-11;MRC-DFI-4L;12
2021-12;MRC-DFI-4L;12
2022-01;MRC-DFI-4L;12
2022-02;MRC-DFI-4L;12
2022-03;MRC-DFI-4L;13
2022-04;MRC-DFI-4L;13
2022-05;MRC-DFI-4L;12
2022-06;MRC-DFI-4L;12
2022-07;MRC-DFI-4L;13
2022-08;MRC-DFI-4L;12
2022-09;MRC-DFI-4L;12
2022-10;MRC-DFI-4L;13
2022-11;MRC-DFI-4L;12
2022-12;MRC-DFI-4L;12
2023-01;MRC-DFI-4L;13
2023-02;MRC-DFI-4L;13
2023-03;MRC-DFI-4L;13
2023-04;MRC-DFI-4L;13
2023-05;MRC-DFI-4L;13
2023-06;MRC-DFI-4L;13
2023-07;MRC-DFI-4L;13
2023-08;MRC-DFI-4L;13
2023-09;MRC-DFI-4L;13
2023-10;MRC-DFI-4L;13
2023-11;MRC-DFI-4L;13
2023-12;MRC-DFI-4L;13
2024-01;MRC-DFI-4L;13
2024-02;MRC-DFI-4L;13
2024-03;MRC-DFI-4L;13
2024-04;MRC-DFI-4L;13
2024-05;MRC-DFI-4L;13
2024-06;MRC-DFI-4L;13
2024-07;MRC-DFI-4L;13
2024-08;MRC-DFI-4L;13
2024-09;MRC-DFI-4L;13
2024-10;MRC-DFI-4L;13
2024-11;MRC-DFI-4L;13
2024-12;MRC-DFI-4L;13
2025-01;MRC-DFI-4L;13
2025-02;MRC-DFI-4L;13
2025-03;MRC-DFI-4L;13
2025-04;MRC-DFI-4L;13
2025-05;MRC-DFI-4L;13
2025-06;MRC-DFI-4L;13
2025-07;MRC-DFI-4L;13
2025-08;MRC-DFI-4L;13
2025-09;MRC-DFI-4L;13
2025-10;MRC-DFI-4L;13
2025-11;MRC-DFI-4L;13
2025-12;MRC-DFI-4L;13
2020-01;MRC-FLT-OIL;54
2020-02;MRC-FLT-OIL;54
2020-03;MRC-FLT-OIL;54
2020-04;MRC-FLT-OIL;54
2020-05;MRC-FLT-OIL;54
2020-06;MRC-FLT-OIL;54
2020-07;MRC-FLT-OIL;54
2020-08;MRC-FLT-OIL;54
2020-09;MRC-FLT-OIL;54
2020-10;MRC-FLT-OIL;54
2020-11;MRC-FLT-OIL;54
2020-12;MRC-FLT-OIL;54
2021-01;MRC-FLT-OIL;55
2021-02;MRC-FLT-OIL;55
2021-03;MRC-FLT-OIL;55
2021-04;MRC-FLT-OIL;55
2021-05;MRC-FLT-OIL;55
2021-06;MRC-FLT-OIL;55
2021-07;MRC-FLT-OIL;55
2021-08;MRC-FLT-OIL;55
2021-09;MRC-FLT-OIL;55
2021-10;MRC-FLT-OIL;55
2021-11;MRC-FLT-OIL;55
2021-12;MRC-FLT-OIL;55
2022-01;MRC-FLT-OIL;56
2022-02;MRC-FLT-OIL;56
2022-03;MRC-FLT-OIL;57
2022-04;MRC-FLT-OIL;56
2022-05;MRC-FLT-OIL;56
2022-06;MRC-FLT-OIL;57
2022-07;MRC-FLT-OIL;56
2022-08;MRC-FLT-OIL;56
2022-09;MRC-FLT-OIL;56
2022-10;MRC-FLT-OIL;56
2022-11;MRC-FLT-OIL;56
2022-12;MRC-FLT-OIL;56
2023-01;MRC-FLT-OIL;57
2023-02;MRC-FLT-OIL;58
2023-03;MRC-FLT-OIL;57
2023-04;MRC-FLT-OIL;57
2023-05;MRC-FLT-OIL;57
2023-06;MRC-FLT-OIL;57
2023-07;MRC-FLT-OIL;57
2023-08;MRC-FLT-OIL;57
2023-09;MRC-FLT-OIL;58
2023-10;MRC-FLT-OIL;57
2023-11;MRC-FLT-OIL;57
2023-12;MRC-FLT-OIL;58
2024-01;MRC-FLT-OIL;58
2024-02;MRC-FLT-OIL;59
2024-03;MRC-FLT-OIL;58
2024-04;MRC-FLT-OIL;58
2024-05;MRC-FLT-OIL;59
2024-06;MRC-FLT-OIL;58
2024-07;MRC-FLT-OIL;58
2024-08;MRC-FLT-OIL;59
2024-09;MRC-FLT-OIL;58
2024-10;MRC-FLT-OIL;58
2024-11;MRC-FLT-OIL;59
2024-12;MRC-FLT-OIL;58
2025-01;MRC-FLT-OIL;60
2025-02;MRC-FLT-OIL;59
2025-03;MRC-FLT-OIL;59
2025-04;MRC-FLT-OIL;60
2025-05;MRC-FLT-OIL;60
2025-06;MRC-FLT-OIL;59
2025-07;MRC-FLT-OIL;59
2025-08;MRC-FLT-OIL;60
2025-09;MRC-FLT-OIL;59
2025-10;MRC-FLT-OIL;59
2025-11;MRC-FLT-OIL;60
2025-12;MRC-FLT-OIL;59
2020-01;MRC-FLT-FUEL;36
2020-02;MRC-FLT-FUEL;36
2020-03;MRC-FLT-FUEL;36
2020-04;MRC-FLT-FUEL;36
2020-05;MRC-FLT-FUEL;36
2020-06;MRC-FLT-FUEL;36
2020-07;MRC-FLT-FUEL;36
2020-08;MRC-FLT-FUEL;36
2020-09;MRC-FLT-FUEL;36
2020-10;MRC-FLT-FUEL;36
2020-11;MRC-FLT-FUEL;36
2020-12;MRC-FLT-FUEL;36
2021-01;MRC-FLT-FUEL;37
2021-02;MRC-FLT-FUEL;37
2021-03;MRC-FLT-FUEL;37
2021-04;MRC-FLT-FUEL;37
2021-05;MRC-FLT-FUEL;37
2021-06;MRC-FLT-FUEL;37
2021-07;MRC-FLT-FUEL;36
2021-08;MRC-FLT-FUEL;37
2021-09;MRC-FLT-FUEL;37
2021-10;MRC-FLT-FUEL;36
2021-11;MRC-FLT-FUEL;37
2021-12;MRC-FLT-FUEL;37
2022-01;MRC-FLT-FUEL;37
2022-02;MRC-FLT-FUEL;38
2022-03;MRC-FLT-FUEL;37
2022-04;MRC-FLT-FUEL;37
2022-05;MRC-FLT-FUEL;38
2022-06;MRC-FLT-FUEL;38
2022-07;MRC-FLT-FUEL;37
2022-08;MRC-FLT-FUEL;37
2022-09;MRC-FLT-FUEL;38
2022-10;MRC-FLT-FUEL;37
2022-11;MRC-FLT-FUEL;37
2022-12;MRC-FLT-FUEL;38
2023-01;MRC-FLT-FUEL;38
2023-02;MRC-FLT-FUEL;38
2023-03;MRC-FLT-FUEL;38
2023-04;MRC-FLT-FUEL;38
2023-05;MRC-FLT-FUEL;38
2023-06;MRC-FLT-FUEL;38
2023-07;MRC-FLT-FUEL;38
2023-08;MRC-FLT-FUEL;38
2023-09;MRC-FLT-FUEL;39
2023-10;MRC-FLT-FUEL;38
2023-11;MRC-FLT-FUEL;38
2023-12;MRC-FLT-FUEL;38
2024-01;MRC-FLT-FUEL;39
2024-02;MRC-FLT-FUEL;39
2024-03;MRC-FLT-FUEL;39
2024-04;MRC-FLT-FUEL;39
2024-05;MRC-FLT-FUEL;39
2024-06;MRC-FLT-FUEL;39
2024-07;MRC-FLT-FUEL;39
2024-08;MRC-FLT-FUEL;39
2024-09;MRC-FLT-FUEL;39
2024-10;MRC-FLT-FUEL;39
2024-11;MRC-FLT-FUEL;39
2024-12;MRC-FLT-FUEL;39
2025-01;MRC-FLT-FUEL;40
2025-02;MRC-FLT-FUEL;39
2025-03;MRC-FLT-FUEL;40
2025-04;MRC-FLT-FUEL;40
2025-05;MRC-FLT-FUEL;39
2025-06;MRC-FLT-FUEL;39
2025-07;MRC-FLT-FUEL;40
2025-08;MRC-FLT-FUEL;40
2025-09;MRC-FLT-FUEL;39
2025-10;MRC-FLT-FUEL;40
2025-11;MRC-FLT-FUEL;40
2025-12;MRC-FLT-FUEL;39
2020-01;MRC-FLT-WTR;30
2020-02;MRC-FLT-WTR;30
2020-03;MRC-FLT-WTR;30
2020-04;MRC-FLT-WTR;30
2020-05;MRC-FLT-WTR;30
2020-06;MRC-FLT-WTR;30
2020-07;MRC-FLT-WTR;30
2020-08;MRC-FLT-WTR;30
2020-09;MRC-FLT-WTR;30
2020-10;MRC-FLT-WTR;30
2020-11;MRC-FLT-WTR;30
2020-12;MRC-FLT-WTR;30
2021-01;MRC-FLT-WTR;31
2021-02;MRC-FLT-WTR;30
2021-03;MRC-FLT-WTR;31
2021-04;MRC-FLT-WTR;31
2021-05;MRC-FLT-WTR;30
2021-06;MRC-FLT-WTR;31
2021-07;MRC-FLT-WTR;31
2021-08;MRC-FLT-WTR;30
2021-09;MRC-FLT-WTR;31
2021-10;MRC-FLT-WTR;31
2021-11;MRC-FLT-WTR;30
2021-12;MRC-FLT-WTR;31
2022-01;MRC-FLT-WTR;31
2022-02;MRC-FLT-WTR;31
2022-03;MRC-FLT-WTR;31
2022-04;MRC-FLT-WTR;31
2022-05;MRC-FLT-WTR;31
2022-06;MRC-FLT-WTR;31
2022-07;MRC-FLT-WTR;31
2022-08;MRC-FLT-WTR;31
2022-09;MRC-FLT-WTR;31
2022-10;MRC-FLT-WTR;31
2022-11;MRC-FLT-WTR;31
2022-12;MRC-FLT-WTR;31
2023-01;MRC-FLT-WTR;32
2023-02;MRC-FLT-WTR;32
2023-03;MRC-FLT-WTR;32
2023-04;MRC-FLT-WTR;32
2023-05;MRC-FLT-WTR;32
2023-06;MRC-FLT-WTR;32
2023-07;MRC-FLT-WTR;32
2023-08;MRC-FLT-WTR;32
2023-09;MRC-FLT-WTR;32
2023-10;MRC-FLT-WTR;32
2023-11;MRC-FLT-WTR;32
2023-12;MRC-FLT-WTR;32
2024-01;MRC-FLT-WTR;32
2024-02;MRC-FLT-WTR;32
2024-03;MRC-FLT-WTR;33
2024-04;MRC-FLT-WTR;32
2024-05;MRC-FLT-WTR;32
2024-06;MRC-FLT-WTR;33
2024-07;MRC-FLT-WTR;32
2024-08;MRC-FLT-WTR;32
2024-09;MRC-FLT-WTR;33
2024-10;MRC-FLT-WTR;32
2024-11;MRC-FLT-WTR;32
2024-12;MRC-FLT-WTR;33
2025-01;MRC-FLT-WTR;33
2025-02;MRC-FLT-WTR;33
2025-03;MRC-FLT-WTR;33
2025-04;MRC-FLT-WTR;33
2025-05;MRC-FLT-WTR;33
2025-06;MRC-FLT-WTR;33
2025-07;MRC-FLT-WTR;33
2025-08;MRC-FLT-WTR;33
2025-09;MRC-FLT-WTR;33
2025-10;MRC-FLT-WTR;33
2025-11;MRC-FLT-WTR;33
2025-12;MRC-FLT-WTR;33
2020-01;QSV-WSEP;24
2020-02;QSV-WSEP;24
2020-03;QSV-WSEP;24
2020-04;QSV-WSEP;24
2020-05;QSV-WSEP;24
2020-06;QSV-WSEP;24
2020-07;QSV-WSEP;24
2020-08;QSV-WSEP;24
2020-09;QSV-WSEP;24
2020-10;QSV-WSEP;24
2020-11;QSV-WSEP;24
2020-12;QSV-WSEP;24
2021-01;QSV-WSEP;24
2021-02;QSV-WSEP;24
2021-03;QSV-WSEP;25
2021-04;QSV-WSEP;25
2021-05;QSV-WSEP;24
2021-06;QSV-WSEP;25
2021-07;QSV-WSEP;25
2021-08;QSV-WSEP;24
2021-09;QSV-WSEP;24
2021-10;QSV-WSEP;25
2021-11;QSV-WSEP;24
2021-12;QSV-WSEP;24
2022-01;QSV-WSEP;25
2022-02;QSV-WSEP;25
2022-03;QSV-WSEP;25
2022-04;QSV-WSEP;25
2022-05;QSV-WSEP;25
2022-06;QSV-WSEP;25
2022-07;QSV-WSEP;25
2022-08;QSV-WSEP;25
2022-09;QSV-WSEP;25
2022-10;QSV-WSEP;25
2022-11;QSV-WSEP;25
2022-12;QSV-WSEP;25
2023-01;QSV-WSEP;25
2023-02;QSV-WSEP;25
2023-03;QSV-WSEP;26
2023-04;QSV-WSEP;25
2023-05;QSV-WSEP;25
2023-06;QSV-WSEP;26
2023-07;QSV-WSEP;25
2023-08;QSV-WSEP;25
2023-09;QSV-WSEP;26
2023-10;QSV-WSEP;25
2023-11;QSV-WSEP;25
2023-12;QSV-WSEP;26
2024-01;QSV-WSEP;26
2024-02;QSV-WSEP;26
2024-03;QSV-WSEP;26
2024-04;QSV-WSEP;26
2024-05;QSV-WSEP;26
2024-06;QSV-WSEP;26
2024-07;QSV-WSEP;26
2024-08;QSV-WSEP;26
2024-09;QSV-WSEP;26
2024-10;QSV-WSEP;26
2024-11;QSV-WSEP;26
2024-12;QSV-WSEP;26
2025-01;QSV-WSEP;26
2025-02;QSV-WSEP;27
2025-03;QSV-WSEP;26
2025-04;QSV-WSEP;26
2025-05;QSV-WSEP;27
2025-06;QSV-WSEP;26
2025-07;QSV-WSEP;26
2025-08;QSV-WSEP;26
2025-09;QSV-WSEP;26
2025-10;QSV-WSEP;26
2025-11;QSV-WSEP;26
2025-12;QSV-WSEP;27
2020-01;SIR-FLT-FUE;18
2020-02;SIR-FLT-FUE;18
2020-03;SIR-FLT-FUE;18
2020-04;SIR-FLT-FUE;18
2020-05;SIR-FLT-FUE;18
2020-06;SIR-FLT-FUE;18
2020-07;SIR-FLT-FUE;18
2020-08;SIR-FLT-FUE;18
2020-09;SIR-FLT-FUE;18
2020-10;SIR-FLT-FUE;18
2020-11;SIR-FLT-FUE;18
2020-12;SIR-FLT-FUE;18
2021-01;SIR-FLT-FUE;18
2021-02;SIR-FLT-FUE;18
2021-03;SIR-FLT-FUE;18
2021-04;SIR-FLT-FUE;18
2021-05;SIR-FLT-FUE;18
2021-06;SIR-FLT-FUE;18
2021-07;SIR-FLT-FUE;18
2021-08;SIR-FLT-FUE;19
2021-09;SIR-FLT-FUE;18
2021-10;SIR-FLT-FUE;18
2021-11;SIR-FLT-FUE;18
2021-12;SIR-FLT-FUE;18
2022-01;SIR-FLT-FUE;19
2022-02;SIR-FLT-FUE;19
2022-03;SIR-FLT-FUE;19
2022-04;SIR-FLT-FUE;19
2022-05;SIR-FLT-FUE;19
2022-06;SIR-FLT-FUE;19
2022-07;SIR-FLT-FUE;19
2022-08;SIR-FLT-FUE;19
2022-09;SIR-FLT-FUE;19
2022-10;SIR-FLT-FUE;19
2022-11;SIR-FLT-FUE;19
2022-12;SIR-FLT-FUE;19
2023-01;SIR-FLT-FUE;19
2023-02;SIR-FLT-FUE;19
2023-03;SIR-FLT-FUE;19
2023-04;SIR-FLT-FUE;19
2023-05;SIR-FLT-FUE;19
2023-06;SIR-FLT-FUE;19
2023-07;SIR-FLT-FUE;19
2023-08;SIR-FLT-FUE;19
2023-09;SIR-FLT-FUE;19
2023-10;SIR-FLT-FUE;19
2023-11;SIR-FLT-FUE;19
2023-12;SIR-FLT-FUE;19
2024-01;SIR-FLT-FUE;19
2024-02;SIR-FLT-FUE;19
2024-03;SIR-FLT-FUE;20
2024-04;SIR-FLT-FUE;19
2024-05;SIR-FLT-FUE;19
2024-06;SIR-FLT-FUE;20
2024-07;SIR-FLT-FUE;19
2024-08;SIR-FLT-FUE;19
2024-09;SIR-FLT-FUE;19
2024-10;SIR-FLT-FUE;20
2024-11;SIR-FLT-FUE;19
2024-12;SIR-FLT-FUE;19
2025-01;SIR-FLT-FUE;20
2025-02;SIR-FLT-FUE;20
2025-03;SIR-FLT-FUE;20
2025-04;SIR-FLT-FUE;20
2025-05;SIR-FLT-FUE;20
2025-06;SIR-FLT-FUE;20
2025-07;SIR-FLT-FUE;20
2025-08;SIR-FLT-FUE;20
2025-09;SIR-FLT-FUE;20
2025-10;SIR-FLT-FUE;20
2025-11;SIR-FLT-FUE;20
2025-12;SIR-FLT-FUE;20
2020-01;SIR-WFLT;15
2020-02;SIR-WFLT;15
2020-03;SIR-WFLT;15
2020-04;SIR-WFLT;15
2020-05;SIR-WFLT;15
2020-06;SIR-WFLT;15
2020-07;SIR-WFLT;15
2020-08;SIR-WFLT;15
2020-09;SIR-WFLT;15
2020-10;SIR-WFLT;15
2020-11;SIR-WFLT;15
2020-12;SIR-WFLT;15
2021-01;SIR-WFLT;15
2021-02;SIR-WFLT;15
2021-03;SIR-WFLT;15
2021-04;SIR-WFLT;15
2021-05;SIR-WFLT;15
2021-06;SIR-WFLT;15
2021-07;SIR-WFLT;15
2021-08;SIR-WFLT;15
2021-09;SIR-WFLT;15
2021-10;SIR-WFLT;15
2021-11;SIR-WFLT;15
2021-12;SIR-WFLT;15
2022-01;SIR-WFLT;16
2022-02;SIR-WFLT;16
2022-03;SIR-WFLT;16
2022-04;SIR-WFLT;15
2022-05;SIR-WFLT;16
2022-06;SIR-WFLT;16
2022-07;SIR-WFLT;15
2022-08;SIR-WFLT;16
2022-09;SIR-WFLT;16
2022-10;SIR-WFLT;16
2022-11;SIR-WFLT;16
2022-12;SIR-WFLT;16
2023-01;SIR-WFLT;16
2023-02;SIR-WFLT;16
2023-03;SIR-WFLT;16
2023-04;SIR-WFLT;16
2023-05;SIR-WFLT;16
2023-06;SIR-WFLT;16
2023-07;SIR-WFLT;16
2023-08;SIR-WFLT;16
2023-09;SIR-WFLT;16
2023-10;SIR-WFLT;16
2023-11;SIR-WFLT;16
2023-12;SIR-WFLT;16
2024-01;SIR-WFLT;16
2024-02;SIR-WFLT;16
2024-03;SIR-WFLT;16
2024-04;SIR-WFLT;16
2024-05;SIR-WFLT;16
2024-06;SIR-WFLT;16
2024-07;SIR-WFLT;16
2024-08;SIR-WFLT;16
2024-09;SIR-WFLT;16
2024-10;SIR-WFLT;16
2024-11;SIR-WFLT;16
2024-12;SIR-WFLT;16
2025-01;SIR-WFLT;17
2025-02;SIR-WFLT;17
2025-03;SIR-WFLT;16
2025-04;SIR-WFLT;16
2025-05;SIR-WFLT;17
2025-06;SIR-WFLT;16
2025-07;SIR-WFLT;16
2025-08;SIR-WFLT;17
2025-09;SIR-WFLT;16
2025-10;SIR-WFLT;16
2025-11;SIR-WFLT;17
2025-12;SIR-WFLT;17
2020-01;JAB-18590;5
2020-02;JAB-18590;4
2020-03;JAB-18590;5
2020-04;JAB-18590;3
2020-05;JAB-18590;3
2020-06;JAB-18590;2
2020-07;JAB-18590;2
2020-08;JAB-18590;3
2020-09;JAB-18590;4
2020-10;JAB-18590;3
2020-11;JAB-18590;3
2020-12;JAB-18590;4
2021-01;JAB-18590;3
2021-02;JAB-18590;2
2021-03;JAB-18590;2
2021-04;JAB-18590;2
2021-05;JAB-18590;1
2021-06;JAB-18590;1
2021-07;JAB-18590;2
2021-08;JAB-18590;2
2021-09;JAB-18590;3
2021-10;JAB-18590;2
2021-11;JAB-18590;2
2021-12;JAB-18590;3
2022-01;JAB-18590;3
2022-02;JAB-18590;4
2022-03;JAB-18590;5
2022-04;JAB-18590;6
2022-05;JAB-18590;8
2022-06;JAB-18590;8
2022-07;JAB-18590;9
2022-08;JAB-18590;10
2022-09;JAB-18590;11
2022-10;JAB-18590;12
2022-11;JAB-18590;13
2022-12;JAB-18590;14
2023-01;JAB-18590;25
2023-02;JAB-18590;25
2023-03;JAB-18590;26
2023-04;JAB-18590;25
2023-05;JAB-18590;25
2023-06;JAB-18590;26
2023-07;JAB-18590;25
2023-08;JAB-18590;25
2023-09;JAB-18590;26
2023-10;JAB-18590;26
2023-11;JAB-18590;25
2023-12;JAB-18590;25
2024-01;JAB-18590;26
2024-02;JAB-18590;26
2024-03;JAB-18590;26
2024-04;JAB-18590;26
2024-05;JAB-18590;26
2024-06;JAB-18590;26
2024-07;JAB-18590;26
2024-08;JAB-18590;26
2024-09;JAB-18590;26
2024-10;JAB-18590;26
2024-11;JAB-18590;26
2024-12;JAB-18590;26
2025-01;JAB-18590;26
2025-02;JAB-18590;27
2025-03;JAB-18590;26
2025-04;JAB-18590;26
2025-05;JAB-18590;26
2025-06;JAB-18590;26
2025-07;JAB-18590;26
2025-08;JAB-18590;26
2025-09;JAB-18590;27
2025-10;JAB-18590;26
2025-11;JAB-18590;26
2025-12;JAB-18590;27
2020-01;JAB-17937;18
2020-02;JAB-17937;18
2020-03;JAB-17937;18
2020-04;JAB-17937;18
2020-05;JAB-17937;18
2020-06;JAB-17937;18
2020-07;JAB-17937;18
2020-08;JAB-17937;18
2020-09;JAB-17937;18
2020-10;JAB-17937;18
2020-11;JAB-17937;18
2020-12;JAB-17937;18
2021-01;JAB-17937;18
2021-02;JAB-17937;18
2021-03;JAB-17937;18
2021-04;JAB-17937;18
2021-05;JAB-17937;18
2021-06;JAB-17937;18
2021-07;JAB-17937;18
2021-08;JAB-17937;18
2021-09;JAB-17937;18
2021-10;JAB-17937;18
2021-11;JAB-17937;18
2021-12;JAB-17937;18
2022-01;JAB-17937;19
2022-02;JAB-17937;19
2022-03;JAB-17937;19
2022-04;JAB-17937;19
2022-05;JAB-17937;19
2022-06;JAB-17937;19
2022-07;JAB-17937;19
2022-08;JAB-17937;19
2022-09;JAB-17937;19
2022-10;JAB-17937;19
2022-11;JAB-17937;19
2022-12;JAB-17937;19
2023-01;JAB-17937;19
2023-02;JAB-17937;19
2023-03;JAB-17937;19
2023-04;JAB-17937;19
2023-05;JAB-17937;19
2023-06;JAB-17937;19
2023-07;JAB-17937;19
2023-08;JAB-17937;19
2023-09;JAB-17937;19
2023-10;JAB-17937;19
2023-11;JAB-17937;19
2023-12;JAB-17937;19
2024-01;JAB-17937;19
2024-02;JAB-17937;20
2024-03;JAB-17937;19
2024-04;JAB-17937;19
2024-05;JAB-17937;20
2024-06;JAB-17937;19
2024-07;JAB-17937;19
2024-08;JAB-17937;20
2024-09;JAB-17937;19
2024-10;JAB-17937;19
2024-11;JAB-17937;20
2024-12;JAB-17937;19
2025-01;JAB-17937;20
2025-02;JAB-17937;20
2025-03;JAB-17937;20
2025-04;JAB-17937;20
2025-05;JAB-17937;20
2025-06;JAB-17937;20
2025-07;JAB-17937;20
2025-08;JAB-17937;20
2025-09;JAB-17937;20
2025-10;JAB-17937;20
2025-11;JAB-17937;20
2025-12;JAB-17937;20
2020-01;JAB-6303;12
2020-02;JAB-6303;12
2020-03;JAB-6303;12
2020-04;JAB-6303;12
2020-05;JAB-6303;12
2020-06;JAB-6303;12
2020-07;JAB-6303;12
2020-08;JAB-6303;12
2020-09;JAB-6303;12
2020-10;JAB-6303;12
2020-11;JAB-6303;12
2020-12;JAB-6303;12
2021-01;JAB-6303;12
2021-02;JAB-6303;12
2021-03;JAB-6303;12
2021-04;JAB-6303;12
2021-05;JAB-6303;12
2021-06;JAB-6303;12
2021-07;JAB-6303;12
2021-08;JAB-6303;12
2021-09;JAB-6303;12
2021-10;JAB-6303;12
2021-11;JAB-6303;12
2021-12;JAB-6303;12
2022-01;JAB-6303;13
2022-02;JAB-6303;12
2022-03;JAB-6303;12
2022-04;JAB-6303;13
2022-05;JAB-6303;12
2022-06;JAB-6303;12
2022-07;JAB-6303;13
2022-08;JAB-6303;12
2022-09;JAB-6303;12
2022-10;JAB-6303;13
2022-11;JAB-6303;12
2022-12;JAB-6303;12
2023-01;JAB-6303;13
2023-02;JAB-6303;13
2023-03;JAB-6303;13
2023-04;JAB-6303;13
2023-05;JAB-6303;13
2023-06;JAB-6303;13
2023-07;JAB-6303;13
2023-08;JAB-6303;13
2023-09;JAB-6303;13
2023-10;JAB-6303;13
2023-11;JAB-6303;13
2023-12;JAB-6303;13
2024-01;JAB-6303;13
2024-02;JAB-6303;13
2024-03;JAB-6303;13
2024-04;JAB-6303;13
2024-05;JAB-6303;13
2024-06;JAB-6303;13
2024-07;JAB-6303;13
2024-08;JAB-6303;13
2024-09;JAB-6303;13
2024-10;JAB-6303;13
2024-11;JAB-6303;13
2024-12;JAB-6303;13
2025-01;JAB-6303;13
2025-02;JAB-6303;13
2025-03;JAB-6303;13
2025-04;JAB-6303;13
2025-05;JAB-6303;13
2025-06;JAB-6303;13
2025-07;JAB-6303;13
2025-08;JAB-6303;13
2025-09;JAB-6303;13
2025-10;JAB-6303;13
2025-11;JAB-6303;13
2025-12;JAB-6303;13
2020-01;SIR-IMP-18;15
2020-02;SIR-IMP-18;15
2020-03;SIR-IMP-18;15
2020-04;SIR-IMP-18;15
2020-05;SIR-IMP-18;15
2020-06;SIR-IMP-18;15
2020-07;SIR-IMP-18;15
2020-08;SIR-IMP-18;15
2020-09;SIR-IMP-18;15
2020-10;SIR-IMP-18;15
2020-11;SIR-IMP-18;15
2020-12;SIR-IMP-18;15
2021-01;SIR-IMP-18;15
2021-02;SIR-IMP-18;15
2021-03;SIR-IMP-18;15
2021-04;SIR-IMP-18;15
2021-05;SIR-IMP-18;15
2021-06;SIR-IMP-18;15
2021-07;SIR-IMP-18;15
2021-08;SIR-IMP-18;15
2021-09;SIR-IMP-18;15
2021-10;SIR-IMP-18;15
2021-11;SIR-IMP-18;15
2021-12;SIR-IMP-18;15
2022-01;SIR-IMP-18;16
2022-02;SIR-IMP-18;16
2022-03;SIR-IMP-18;16
2022-04;SIR-IMP-18;16
2022-05;SIR-IMP-18;16
2022-06;SIR-IMP-18;15
2022-07;SIR-IMP-18;16
2022-08;SIR-IMP-18;16
2022-09;SIR-IMP-18;15
2022-10;SIR-IMP-18;16
2022-11;SIR-IMP-18;16
2022-12;SIR-IMP-18;16
2023-01;SIR-IMP-18;16
2023-02;SIR-IMP-18;16
2023-03;SIR-IMP-18;16
2023-04;SIR-IMP-18;16
2023-05;SIR-IMP-18;16
2023-06;SIR-IMP-18;16
2023-07;SIR-IMP-18;16
2023-08;SIR-IMP-18;16
2023-09;SIR-IMP-18;16
2023-10;SIR-IMP-18;16
2023-11;SIR-IMP-18;16
2023-12;SIR-IMP-18;16
2024-01;SIR-IMP-18;16
2024-02;SIR-IMP-18;16
2024-03;SIR-IMP-18;16
2024-04;SIR-IMP-18;16
2024-05;SIR-IMP-18;16
2024-06;SIR-IMP-18;16
2024-07;SIR-IMP-18;16
2024-08;SIR-IMP-18;16
2024-09;SIR-IMP-18;16
2024-10;SIR-IMP-18;16
2024-11;SIR-IMP-18;16
2024-12;SIR-IMP-18;16
2025-01;SIR-IMP-18;17
2025-02;SIR-IMP-18;16
2025-03;SIR-IMP-18;17
2025-04;SIR-IMP-18;17
2025-05;SIR-IMP-18;16
2025-06;SIR-IMP-18;17
2025-07;SIR-IMP-18;17
2025-08;SIR-IMP-18;16
2025-09;SIR-IMP-18;16
2025-10;SIR-IMP-18;17
2025-11;SIR-IMP-18;16
2025-12;SIR-IMP-18;16
2020-01;SIR-IMP-MRC;21
2020-02;SIR-IMP-MRC;21
2020-03;SIR-IMP-MRC;21
2020-04;SIR-IMP-MRC;21
2020-05;SIR-IMP-MRC;21
2020-06;SIR-IMP-MRC;21
2020-07;SIR-IMP-MRC;21
2020-08;SIR-IMP-MRC;21
2020-09;SIR-IMP-MRC;21
2020-10;SIR-IMP-MRC;21
2020-11;SIR-IMP-MRC;21
2020-12;SIR-IMP-MRC;21
2021-01;SIR-IMP-MRC;22
2021-02;SIR-IMP-MRC;21
2021-03;SIR-IMP-MRC;21
2021-04;SIR-IMP-MRC;22
2021-05;SIR-IMP-MRC;21
2021-06;SIR-IMP-MRC;21
2021-07;SIR-IMP-MRC;22
2021-08;SIR-IMP-MRC;21
2021-09;SIR-IMP-MRC;21
2021-10;SIR-IMP-MRC;21
2021-11;SIR-IMP-MRC;21
2021-12;SIR-IMP-MRC;21
2022-01;SIR-IMP-MRC;22
2022-02;SIR-IMP-MRC;22
2022-03;SIR-IMP-MRC;22
2022-04;SIR-IMP-MRC;22
2022-05;SIR-IMP-MRC;22
2022-06;SIR-IMP-MRC;22
2022-07;SIR-IMP-MRC;22
2022-08;SIR-IMP-MRC;22
2022-09;SIR-IMP-MRC;22
2022-10;SIR-IMP-MRC;22
2022-11;SIR-IMP-MRC;22
2022-12;SIR-IMP-MRC;22
2023-01;SIR-IMP-MRC;22
2023-02;SIR-IMP-MRC;22
2023-03;SIR-IMP-MRC;22
2023-04;SIR-IMP-MRC;22
2023-05;SIR-IMP-MRC;22
2023-06;SIR-IMP-MRC;22
2023-07;SIR-IMP-MRC;22
2023-08;SIR-IMP-MRC;22
2023-09;SIR-IMP-MRC;22
2023-10;SIR-IMP-MRC;22
2023-11;SIR-IMP-MRC;22
2023-12;SIR-IMP-MRC;22
2024-01;SIR-IMP-MRC;23
2024-02;SIR-IMP-MRC;23
2024-03;SIR-IMP-MRC;23
2024-04;SIR-IMP-MRC;23
2024-05;SIR-IMP-MRC;23
2024-06;SIR-IMP-MRC;23
2024-07;SIR-IMP-MRC;23
2024-08;SIR-IMP-MRC;23
2024-09;SIR-IMP-MRC;23
2024-10;SIR-IMP-MRC;23
2024-11;SIR-IMP-MRC;23
2024-12;SIR-IMP-MRC;23
2025-01;SIR-IMP-MRC;23
2025-02;SIR-IMP-MRC;23
2025-03;SIR-IMP-MRC;23
2025-04;SIR-IMP-MRC;23
2025-05;SIR-IMP-MRC;23
2025-06;SIR-IMP-MRC;23
2025-07;SIR-IMP-MRC;23
2025-08;SIR-IMP-MRC;23
2025-09;SIR-IMP-MRC;23
2025-10;SIR-IMP-MRC;23
2025-11;SIR-IMP-MRC;23
2025-12;SIR-IMP-MRC;23
2020-01;SIR-IMP-VOL;12
2020-02;SIR-IMP-VOL;12
2020-03;SIR-IMP-VOL;12
2020-04;SIR-IMP-VOL;12
2020-05;SIR-IMP-VOL;12
2020-06;SIR-IMP-VOL;12
2020-07;SIR-IMP-VOL;12
2020-08;SIR-IMP-VOL;12
2020-09;SIR-IMP-VOL;12
2020-10;SIR-IMP-VOL;12
2020-11;SIR-IMP-VOL;12
2020-12;SIR-IMP-VOL;12
2021-01;SIR-IMP-VOL;12
2021-02;SIR-IMP-VOL;12
2021-03;SIR-IMP-VOL;12
2021-04;SIR-IMP-VOL;12
2021-05;SIR-IMP-VOL;12
2021-06;SIR-IMP-VOL;12
2021-07;SIR-IMP-VOL;12
2021-08;SIR-IMP-VOL;12
2021-09;SIR-IMP-VOL;12
2021-10;SIR-IMP-VOL;12
2021-11;SIR-IMP-VOL;12
2021-12;SIR-IMP-VOL;12
2022-01;SIR-IMP-VOL;12
2022-02;SIR-IMP-VOL;12
2022-03;SIR-IMP-VOL;13
2022-04;SIR-IMP-VOL;12
2022-05;SIR-IMP-VOL;12
2022-06;SIR-IMP-VOL;13
2022-07;SIR-IMP-VOL;13
2022-08;SIR-IMP-VOL;12
2022-09;SIR-IMP-VOL;12
2022-10;SIR-IMP-VOL;13
2022-11;SIR-IMP-VOL;12
2022-12;SIR-IMP-VOL;12
2023-01;SIR-IMP-VOL;13
2023-02;SIR-IMP-VOL;13
2023-03;SIR-IMP-VOL;13
2023-04;SIR-IMP-VOL;13
2023-05;SIR-IMP-VOL;13
2023-06;SIR-IMP-VOL;13
2023-07;SIR-IMP-VOL;13
2023-08;SIR-IMP-VOL;13
2023-09;SIR-IMP-VOL;13
2023-10;SIR-IMP-VOL;13
2023-11;SIR-IMP-VOL;13
2023-12;SIR-IMP-VOL;13
2024-01;SIR-IMP-VOL;13
2024-02;SIR-IMP-VOL;13
2024-03;SIR-IMP-VOL;13
2024-04;SIR-IMP-VOL;13
2024-05;SIR-IMP-VOL;13
2024-06;SIR-IMP-VOL;13
2024-07;SIR-IMP-VOL;13
2024-08;SIR-IMP-VOL;13
2024-09;SIR-IMP-VOL;13
2024-10;SIR-IMP-VOL;13
2024-11;SIR-IMP-VOL;13
2024-12;SIR-IMP-VOL;13
2025-01;SIR-IMP-VOL;13
2025-02;SIR-IMP-VOL;13
2025-03;SIR-IMP-VOL;13
2025-04;SIR-IMP-VOL;13
2025-05;SIR-IMP-VOL;13
2025-06;SIR-IMP-VOL;13
2025-07;SIR-IMP-VOL;13
2025-08;SIR-IMP-VOL;13
2025-09;SIR-IMP-VOL;13
2025-10;SIR-IMP-VOL;13
2025-11;SIR-IMP-VOL;13
2025-12;SIR-IMP-VOL;13
2020-01;AZN-MRC75;36
2020-02;AZN-MRC75;36
2020-03;AZN-MRC75;36
2020-04;AZN-MRC75;36
2020-05;AZN-MRC75;36
2020-06;AZN-MRC75;36
2020-07;AZN-MRC75;36
2020-08;AZN-MRC75;36
2020-09;AZN-MRC75;36
2020-10;AZN-MRC75;36
2020-11;AZN-MRC75;36
2020-12;AZN-MRC75;36
2021-01;AZN-MRC75;37
2021-02;AZN-MRC75;37
2021-03;AZN-MRC75;37
2021-04;AZN-MRC75;37
2021-05;AZN-MRC75;36
2021-06;AZN-MRC75;37
2021-07;AZN-MRC75;37
2021-08;AZN-MRC75;36
2021-09;AZN-MRC75;37
2021-10;AZN-MRC75;37
2021-11;AZN-MRC75;37
2021-12;AZN-MRC75;37
2022-01;AZN-MRC75;37
2022-02;AZN-MRC75;37
2022-03;AZN-MRC75;38
2022-04;AZN-MRC75;38
2022-05;AZN-MRC75;37
2022-06;AZN-MRC75;37
2022-07;AZN-MRC75;38
2022-08;AZN-MRC75;37
2022-09;AZN-MRC75;37
2022-10;AZN-MRC75;38
2022-11;AZN-MRC75;37
2022-12;AZN-MRC75;37
2023-01;AZN-MRC75;38
2023-02;AZN-MRC75;38
2023-03;AZN-MRC75;38
2023-04;AZN-MRC75;38
2023-05;AZN-MRC75;38
2023-06;AZN-MRC75;38
2023-07;AZN-MRC75;39
2023-08;AZN-MRC75;38
2023-09;AZN-MRC75;38
2023-10;AZN-MRC75;38
2023-11;AZN-MRC75;38
2023-12;AZN-MRC75;38
2024-01;AZN-MRC75;39
2024-02;AZN-MRC75;39
2024-03;AZN-MRC75;39
2024-04;AZN-MRC75;39
2024-05;AZN-MRC75;39
2024-06;AZN-MRC75;39
2024-07;AZN-MRC75;39
2024-08;AZN-MRC75;39
2024-09;AZN-MRC75;39
2024-10;AZN-MRC75;39
2024-11;AZN-MRC75;39
2024-12;AZN-MRC75;39
2025-01;AZN-MRC75;40
2025-02;AZN-MRC75;40
2025-03;AZN-MRC75;39
2025-04;AZN-MRC75;39
2025-05;AZN-MRC75;40
2025-06;AZN-MRC75;40
2025-07;AZN-MRC75;39
2025-08;AZN-MRC75;40
2025-09;AZN-MRC75;40
2025-10;AZN-MRC75;39
2025-11;AZN-MRC75;40
2025-12;AZN-MRC75;40
2020-01;AZN-MRC150;27
2020-02;AZN-MRC150;27
2020-03;AZN-MRC150;27
2020-04;AZN-MRC150;27
2020-05;AZN-MRC150;27
2020-06;AZN-MRC150;27
2020-07;AZN-MRC150;27
2020-08;AZN-MRC150;27
2020-09;AZN-MRC150;27
2020-10;AZN-MRC150;27
2020-11;AZN-MRC150;27
2020-12;AZN-MRC150;27
2021-01;AZN-MRC150;28
2021-02;AZN-MRC150;27
2021-03;AZN-MRC150;28
2021-04;AZN-MRC150;28
2021-05;AZN-MRC150;27
2021-06;AZN-MRC150;27
2021-07;AZN-MRC150;28
2021-08;AZN-MRC150;28
2021-09;AZN-MRC150;27
2021-10;AZN-MRC150;28
2021-11;AZN-MRC150;28
2021-12;AZN-MRC150;27
2022-01;AZN-MRC150;28
2022-02;AZN-MRC150;28
2022-03;AZN-MRC150;28
2022-04;AZN-MRC150;28
2022-05;AZN-MRC150;28
2022-06;AZN-MRC150;28
2022-07;AZN-MRC150;28
2022-08;AZN-MRC150;28
2022-09;AZN-MRC150;28
2022-10;AZN-MRC150;28
2022-11;AZN-MRC150;28
2022-12;AZN-MRC150;28
2023-01;AZN-MRC150;28
2023-02;AZN-MRC150;29
2023-03;AZN-MRC150;29
2023-04;AZN-MRC150;28
2023-05;AZN-MRC150;29
2023-06;AZN-MRC150;29
2023-07;AZN-MRC150;29
2023-08;AZN-MRC150;28
2023-09;AZN-MRC150;29
2023-10;AZN-MRC150;29
2023-11;AZN-MRC150;28
2023-12;AZN-MRC150;29
2024-01;AZN-MRC150;29
2024-02;AZN-MRC150;29
2024-03;AZN-MRC150;29
2024-04;AZN-MRC150;29
2024-05;AZN-MRC150;29
2024-06;AZN-MRC150;29
2024-07;AZN-MRC150;29
2024-08;AZN-MRC150;29
2024-09;AZN-MRC150;29
2024-10;AZN-MRC150;29
2024-11;AZN-MRC150;29
2024-12;AZN-MRC150;29
2025-01;AZN-MRC150;30
2025-02;AZN-MRC150;30
2025-03;AZN-MRC150;30
2025-04;AZN-MRC150;30
2025-05;AZN-MRC150;30
2025-06;AZN-MRC150;30
2025-07;AZN-MRC150;30
2025-08;AZN-MRC150;30
2025-09;AZN-MRC150;30
2025-10;AZN-MRC150;29
2025-11;AZN-MRC150;30
2025-12;AZN-MRC150;30
2020-01;AZN-TAB40;33
2020-02;AZN-TAB40;33
2020-03;AZN-TAB40;33
2020-04;AZN-TAB40;33
2020-05;AZN-TAB40;33
2020-06;AZN-TAB40;33
2020-07;AZN-TAB40;33
2020-08;AZN-TAB40;33
2020-09;AZN-TAB40;33
2020-10;AZN-TAB40;33
2020-11;AZN-TAB40;33
2020-12;AZN-TAB40;33
2021-01;AZN-TAB40;34
2021-02;AZN-TAB40;34
2021-03;AZN-TAB40;33
2021-04;AZN-TAB40;34
2021-05;AZN-TAB40;34
2021-06;AZN-TAB40;33
2021-07;AZN-TAB40;34
2021-08;AZN-TAB40;34
2021-09;AZN-TAB40;33
2021-10;AZN-TAB40;34
2021-11;AZN-TAB40;34
2021-12;AZN-TAB40;34
2022-01;AZN-TAB40;34
2022-02;AZN-TAB40;35
2022-03;AZN-TAB40;34
2022-04;AZN-TAB40;34
2022-05;AZN-TAB40;35
2022-06;AZN-TAB40;34
2022-07;AZN-TAB40;34
2022-08;AZN-TAB40;35
2022-09;AZN-TAB40;34
2022-10;AZN-TAB40;34
2022-11;AZN-TAB40;34
2022-12;AZN-TAB40;34
2023-01;AZN-TAB40;35
2023-02;AZN-TAB40;35
2023-03;AZN-TAB40;35
2023-04;AZN-TAB40;35
2023-05;AZN-TAB40;35
2023-06;AZN-TAB40;35
2023-07;AZN-TAB40;35
2023-08;AZN-TAB40;35
2023-09;AZN-TAB40;35
2023-10;AZN-TAB40;35
2023-11;AZN-TAB40;35
2023-12;AZN-TAB40;35
2024-01;AZN-TAB40;36
2024-02;AZN-TAB40;35
2024-03;AZN-TAB40;36
2024-04;AZN-TAB40;36
2024-05;AZN-TAB40;35
2024-06;AZN-TAB40;36
2024-07;AZN-TAB40;36
2024-08;AZN-TAB40;35
2024-09;AZN-TAB40;36
2024-10;AZN-TAB40;36
2024-11;AZN-TAB40;35
2024-12;AZN-TAB40;36
2025-01;AZN-TAB40;36
2025-02;AZN-TAB40;36
2025-03;AZN-TAB40;36
2025-04;AZN-TAB40;37
2025-05;AZN-TAB40;36
2025-06;AZN-TAB40;36
2025-07;AZN-TAB40;37
2025-08;AZN-TAB40;36
2025-09;AZN-TAB40;36
2025-10;AZN-TAB40;37
2025-11;AZN-TAB40;36
2025-12;AZN-TAB40;36
2020-01;AMG-MRC75;15
2020-02;AMG-MRC75;15
2020-03;AMG-MRC75;15
2020-04;AMG-MRC75;15
2020-05;AMG-MRC75;15
2020-06;AMG-MRC75;15
2020-07;AMG-MRC75;15
2020-08;AMG-MRC75;15
2020-09;AMG-MRC75;15
2020-10;AMG-MRC75;15
2020-11;AMG-MRC75;15
2020-12;AMG-MRC75;15
2021-01;AMG-MRC75;15
2021-02;AMG-MRC75;15
2021-03;AMG-MRC75;15
2021-04;AMG-MRC75;15
2021-05;AMG-MRC75;15
2021-06;AMG-MRC75;15
2021-07;AMG-MRC75;15
2021-08;AMG-MRC75;15
2021-09;AMG-MRC75;15
2021-10;AMG-MRC75;15
2021-11;AMG-MRC75;15
2021-12;AMG-MRC75;15
2022-01;AMG-MRC75;16
2022-02;AMG-MRC75;16
2022-03;AMG-MRC75;16
2022-04;AMG-MRC75;16
2022-05;AMG-MRC75;16
2022-06;AMG-MRC75;15
2022-07;AMG-MRC75;16
2022-08;AMG-MRC75;16
2022-09;AMG-MRC75;15
2022-10;AMG-MRC75;16
2022-11;AMG-MRC75;16
2022-12;AMG-MRC75;15
2023-01;AMG-MRC75;16
2023-02;AMG-MRC75;16
2023-03;AMG-MRC75;16
2023-04;AMG-MRC75;16
2023-05;AMG-MRC75;16
2023-06;AMG-MRC75;16
2023-07;AMG-MRC75;16
2023-08;AMG-MRC75;16
2023-09;AMG-MRC75;16
2023-10;AMG-MRC75;16
2023-11;AMG-MRC75;16
2023-12;AMG-MRC75;16
2024-01;AMG-MRC75;16
2024-02;AMG-MRC75;16
2024-03;AMG-MRC75;16
2024-04;AMG-MRC75;16
2024-05;AMG-MRC75;16
2024-06;AMG-MRC75;16
2024-07;AMG-MRC75;16
2024-08;AMG-MRC75;16
2024-09;AMG-MRC75;16
2024-10;AMG-MRC75;16
2024-11;AMG-MRC75;16
2024-12;AMG-MRC75;16
2025-01;AMG-MRC75;17
2025-02;AMG-MRC75;16
2025-03;AMG-MRC75;17
2025-04;AMG-MRC75;17
2025-05;AMG-MRC75;16
2025-06;AMG-MRC75;17
2025-07;AMG-MRC75;17
2025-08;AMG-MRC75;16
2025-09;AMG-MRC75;16
2025-10;AMG-MRC75;17
2025-11;AMG-MRC75;16
2025-12;AMG-MRC75;16
2020-01;AZN-CASC;12
2020-02;AZN-CASC;12
2020-03;AZN-CASC;12
2020-04;AZN-CASC;12
2020-05;AZN-CASC;12
2020-06;AZN-CASC;12
2020-07;AZN-CASC;12
2020-08;AZN-CASC;12
2020-09;AZN-CASC;12
2020-10;AZN-CASC;12
2020-11;AZN-CASC;12
2020-12;AZN-CASC;12
2021-01;AZN-CASC;12
2021-02;AZN-CASC;12
2021-03;AZN-CASC;12
2021-04;AZN-CASC;12
2021-05;AZN-CASC;12
2021-06;AZN-CASC;12
2021-07;AZN-CASC;12
2021-08;AZN-CASC;12
2021-09;AZN-CASC;12
2021-10;AZN-CASC;12
2021-11;AZN-CASC;12
2021-12;AZN-CASC;12
2022-01;AZN-CASC;12
2022-02;AZN-CASC;13
2022-03;AZN-CASC;13
2022-04;AZN-CASC;12
2022-05;AZN-CASC;13
2022-06;AZN-CASC;13
2022-07;AZN-CASC;12
2022-08;AZN-CASC;12
2022-09;AZN-CASC;13
2022-10;AZN-CASC;12
2022-11;AZN-CASC;12
2022-12;AZN-CASC;13
2023-01;AZN-CASC;13
2023-02;AZN-CASC;13
2023-03;AZN-CASC;13
2023-04;AZN-CASC;13
2023-05;AZN-CASC;13
2023-06;AZN-CASC;13
2023-07;AZN-CASC;13
2023-08;AZN-CASC;13
2023-09;AZN-CASC;13
2023-10;AZN-CASC;13
2023-11;AZN-CASC;13
2023-12;AZN-CASC;13
2024-01;AZN-CASC;13
2024-02;AZN-CASC;13
2024-03;AZN-CASC;13
2024-04;AZN-CASC;13
2024-05;AZN-CASC;13
2024-06;AZN-CASC;13
2024-07;AZN-CASC;13
2024-08;AZN-CASC;13
2024-09;AZN-CASC;13
2024-10;AZN-CASC;13
2024-11;AZN-CASC;13
2024-12;AZN-CASC;13
2025-01;AZN-CASC;13
2025-02;AZN-CASC;13
2025-03;AZN-CASC;13
2025-04;AZN-CASC;13
2025-05;AZN-CASC;13
2025-06;AZN-CASC;13
2025-07;AZN-CASC;13
2025-08;AZN-CASC;13
2025-09;AZN-CASC;13
2025-10;AZN-CASC;13
2025-11;AZN-CASC;13
2025-12;AZN-CASC;13
2020-01;HLC-MRC-B1;12
2020-02;HLC-MRC-B1;12
2020-03;HLC-MRC-B1;12
2020-04;HLC-MRC-B1;12
2020-05;HLC-MRC-B1;12
2020-06;HLC-MRC-B1;12
2020-07;HLC-MRC-B1;12
2020-08;HLC-MRC-B1;12
2020-09;HLC-MRC-B1;12
2020-10;HLC-MRC-B1;12
2020-11;HLC-MRC-B1;12
2020-12;HLC-MRC-B1;12
2021-01;HLC-MRC-B1;12
2021-02;HLC-MRC-B1;12
2021-03;HLC-MRC-B1;12
2021-04;HLC-MRC-B1;12
2021-05;HLC-MRC-B1;12
2021-06;HLC-MRC-B1;12
2021-07;HLC-MRC-B1;12
2021-08;HLC-MRC-B1;12
2021-09;HLC-MRC-B1;12
2021-10;HLC-MRC-B1;12
2021-11;HLC-MRC-B1;12
2021-12;HLC-MRC-B1;12
2022-01;HLC-MRC-B1;12
2022-02;HLC-MRC-B1;13
2022-03;HLC-MRC-B1;12
2022-04;HLC-MRC-B1;12
2022-05;HLC-MRC-B1;13
2022-06;HLC-MRC-B1;13
2022-07;HLC-MRC-B1;12
2022-08;HLC-MRC-B1;12
2022-09;HLC-MRC-B1;13
2022-10;HLC-MRC-B1;12
2022-11;HLC-MRC-B1;12
2022-12;HLC-MRC-B1;13
2023-01;HLC-MRC-B1;13
2023-02;HLC-MRC-B1;13
2023-03;HLC-MRC-B1;13
2023-04;HLC-MRC-B1;13
2023-05;HLC-MRC-B1;13
2023-06;HLC-MRC-B1;13
2023-07;HLC-MRC-B1;13
2023-08;HLC-MRC-B1;13
2023-09;HLC-MRC-B1;13
2023-10;HLC-MRC-B1;13
2023-11;HLC-MRC-B1;13
2023-12;HLC-MRC-B1;13
2024-01;HLC-MRC-B1;13
2024-02;HLC-MRC-B1;13
2024-03;HLC-MRC-B1;13
2024-04;HLC-MRC-B1;13
2024-05;HLC-MRC-B1;13
2024-06;HLC-MRC-B1;13
2024-07;HLC-MRC-B1;13
2024-08;HLC-MRC-B1;13
2024-09;HLC-MRC-B1;13
2024-10;HLC-MRC-B1;13
2024-11;HLC-MRC-B1;13
2024-12;HLC-MRC-B1;13
2025-01;HLC-MRC-B1;13
2025-02;HLC-MRC-B1;13
2025-03;HLC-MRC-B1;13
2025-04;HLC-MRC-B1;13
2025-05;HLC-MRC-B1;13
2025-06;HLC-MRC-B1;13
2025-07;HLC-MRC-B1;13
2025-08;HLC-MRC-B1;13
2025-09;HLC-MRC-B1;13
2025-10;HLC-MRC-B1;13
2025-11;HLC-MRC-B1;13
2025-12;HLC-MRC-B1;13
2020-01;HLC-MRC-B2;9
2020-02;HLC-MRC-B2;9
2020-03;HLC-MRC-B2;9
2020-04;HLC-MRC-B2;9
2020-05;HLC-MRC-B2;9
2020-06;HLC-MRC-B2;9
2020-07;HLC-MRC-B2;9
2020-08;HLC-MRC-B2;9
2020-09;HLC-MRC-B2;9
2020-10;HLC-MRC-B2;9
2020-11;HLC-MRC-B2;9
2020-12;HLC-MRC-B2;9
2021-01;HLC-MRC-B2;9
2021-02;HLC-MRC-B2;9
2021-03;HLC-MRC-B2;9
2021-04;HLC-MRC-B2;9
2021-05;HLC-MRC-B2;9
2021-06;HLC-MRC-B2;9
2021-07;HLC-MRC-B2;9
2021-08;HLC-MRC-B2;9
2021-09;HLC-MRC-B2;9
2021-10;HLC-MRC-B2;9
2021-11;HLC-MRC-B2;9
2021-12;HLC-MRC-B2;9
2022-01;HLC-MRC-B2;9
2022-02;HLC-MRC-B2;9
2022-03;HLC-MRC-B2;9
2022-04;HLC-MRC-B2;9
2022-05;HLC-MRC-B2;9
2022-06;HLC-MRC-B2;9
2022-07;HLC-MRC-B2;9
2022-08;HLC-MRC-B2;9
2022-09;HLC-MRC-B2;9
2022-10;HLC-MRC-B2;9
2022-11;HLC-MRC-B2;9
2022-12;HLC-MRC-B2;9
2023-01;HLC-MRC-B2;10
2023-02;HLC-MRC-B2;10
2023-03;HLC-MRC-B2;9
2023-04;HLC-MRC-B2;10
2023-05;HLC-MRC-B2;10
2023-06;HLC-MRC-B2;9
2023-07;HLC-MRC-B2;10
2023-08;HLC-MRC-B2;10
2023-09;HLC-MRC-B2;9
2023-10;HLC-MRC-B2;10
2023-11;HLC-MRC-B2;10
2023-12;HLC-MRC-B2;10
2024-01;HLC-MRC-B2;10
2024-02;HLC-MRC-B2;10
2024-03;HLC-MRC-B2;10
2024-04;HLC-MRC-B2;10
2024-05;HLC-MRC-B2;10
2024-06;HLC-MRC-B2;10
2024-07;HLC-MRC-B2;10
2024-08;HLC-MRC-B2;10
2024-09;HLC-MRC-B2;10
2024-10;HLC-MRC-B2;10
2024-11;HLC-MRC-B2;10
2024-12;HLC-MRC-B2;10
2025-01;HLC-MRC-B2;10
2025-02;HLC-MRC-B2;10
2025-03;HLC-MRC-B2;10
2025-04;HLC-MRC-B2;10
2025-05;HLC-MRC-B2;10
2025-06;HLC-MRC-B2;10
2025-07;HLC-MRC-B2;10
2025-08;HLC-MRC-B2;10
2025-09;HLC-MRC-B2;10
2025-10;HLC-MRC-B2;10
2025-11;HLC-MRC-B2;10
2025-12;HLC-MRC-B2;10
2020-01;HLC-MRC-B3;9
2020-02;HLC-MRC-B3;9
2020-03;HLC-MRC-B3;9
2020-04;HLC-MRC-B3;9
2020-05;HLC-MRC-B3;9
2020-06;HLC-MRC-B3;9
2020-07;HLC-MRC-B3;9
2020-08;HLC-MRC-B3;9
2020-09;HLC-MRC-B3;9
2020-10;HLC-MRC-B3;9
2020-11;HLC-MRC-B3;9
2020-12;HLC-MRC-B3;9
2021-01;HLC-MRC-B3;9
2021-02;HLC-MRC-B3;9
2021-03;HLC-MRC-B3;9
2021-04;HLC-MRC-B3;9
2021-05;HLC-MRC-B3;9
2021-06;HLC-MRC-B3;9
2021-07;HLC-MRC-B3;9
2021-08;HLC-MRC-B3;9
2021-09;HLC-MRC-B3;9
2021-10;HLC-MRC-B3;9
2021-11;HLC-MRC-B3;9
2021-12;HLC-MRC-B3;9
2022-01;HLC-MRC-B3;9
2022-02;HLC-MRC-B3;9
2022-03;HLC-MRC-B3;9
2022-04;HLC-MRC-B3;9
2022-05;HLC-MRC-B3;9
2022-06;HLC-MRC-B3;9
2022-07;HLC-MRC-B3;9
2022-08;HLC-MRC-B3;9
2022-09;HLC-MRC-B3;9
2022-10;HLC-MRC-B3;9
2022-11;HLC-MRC-B3;9
2022-12;HLC-MRC-B3;9
2023-01;HLC-MRC-B3;10
2023-02;HLC-MRC-B3;10
2023-03;HLC-MRC-B3;9
2023-04;HLC-MRC-B3;10
2023-05;HLC-MRC-B3;10
2023-06;HLC-MRC-B3;9
2023-07;HLC-MRC-B3;10
2023-08;HLC-MRC-B3;10
2023-09;HLC-MRC-B3;9
2023-10;HLC-MRC-B3;10
2023-11;HLC-MRC-B3;10
2023-12;HLC-MRC-B3;9
2024-01;HLC-MRC-B3;10
2024-02;HLC-MRC-B3;10
2024-03;HLC-MRC-B3;10
2024-04;HLC-MRC-B3;10
2024-05;HLC-MRC-B3;10
2024-06;HLC-MRC-B3;10
2024-07;HLC-MRC-B3;10
2024-08;HLC-MRC-B3;10
2024-09;HLC-MRC-B3;10
2024-10;HLC-MRC-B3;10
2024-11;HLC-MRC-B3;10
2024-12;HLC-MRC-B3;10
2025-01;HLC-MRC-B3;10
2025-02;HLC-MRC-B3;10
2025-03;HLC-MRC-B3;10
2025-04;HLC-MRC-B3;10
2025-05;HLC-MRC-B3;10
2025-06;HLC-MRC-B3;10
2025-07;HLC-MRC-B3;10
2025-08;HLC-MRC-B3;10
2025-09;HLC-MRC-B3;10
2025-10;HLC-MRC-B3;10
2025-11;HLC-MRC-B3;10
2025-12;HLC-MRC-B3;10
2020-01;HLC-MRC-SS1;8
2020-02;HLC-MRC-SS1;8
2020-03;HLC-MRC-SS1;8
2020-04;HLC-MRC-SS1;8
2020-05;HLC-MRC-SS1;8
2020-06;HLC-MRC-SS1;8
2020-07;HLC-MRC-SS1;8
2020-08;HLC-MRC-SS1;8
2020-09;HLC-MRC-SS1;8
2020-10;HLC-MRC-SS1;8
2020-11;HLC-MRC-SS1;8
2020-12;HLC-MRC-SS1;8
2021-01;HLC-MRC-SS1;8
2021-02;HLC-MRC-SS1;8
2021-03;HLC-MRC-SS1;8
2021-04;HLC-MRC-SS1;8
2021-05;HLC-MRC-SS1;8
2021-06;HLC-MRC-SS1;8
2021-07;HLC-MRC-SS1;8
2021-08;HLC-MRC-SS1;8
2021-09;HLC-MRC-SS1;8
2021-10;HLC-MRC-SS1;8
2021-11;HLC-MRC-SS1;8
2021-12;HLC-MRC-SS1;8
2022-01;HLC-MRC-SS1;8
2022-02;HLC-MRC-SS1;8
2022-03;HLC-MRC-SS1;8
2022-04;HLC-MRC-SS1;8
2022-05;HLC-MRC-SS1;8
2022-06;HLC-MRC-SS1;8
2022-07;HLC-MRC-SS1;8
2022-08;HLC-MRC-SS1;8
2022-09;HLC-MRC-SS1;8
2022-10;HLC-MRC-SS1;8
2022-11;HLC-MRC-SS1;8
2022-12;HLC-MRC-SS1;8
2023-01;HLC-MRC-SS1;8
2023-02;HLC-MRC-SS1;9
2023-03;HLC-MRC-SS1;8
2023-04;HLC-MRC-SS1;8
2023-05;HLC-MRC-SS1;9
2023-06;HLC-MRC-SS1;8
2023-07;HLC-MRC-SS1;8
2023-08;HLC-MRC-SS1;9
2023-09;HLC-MRC-SS1;9
2023-10;HLC-MRC-SS1;8
2023-11;HLC-MRC-SS1;8
2023-12;HLC-MRC-SS1;9
2024-01;HLC-MRC-SS1;9
2024-02;HLC-MRC-SS1;9
2024-03;HLC-MRC-SS1;9
2024-04;HLC-MRC-SS1;9
2024-05;HLC-MRC-SS1;9
2024-06;HLC-MRC-SS1;9
2024-07;HLC-MRC-SS1;9
2024-08;HLC-MRC-SS1;9
2024-09;HLC-MRC-SS1;9
2024-10;HLC-MRC-SS1;9
2024-11;HLC-MRC-SS1;9
2024-12;HLC-MRC-SS1;9
2025-01;HLC-MRC-SS1;9
2025-02;HLC-MRC-SS1;9
2025-03;HLC-MRC-SS1;9
2025-04;HLC-MRC-SS1;9
2025-05;HLC-MRC-SS1;9
2025-06;HLC-MRC-SS1;9
2025-07;HLC-MRC-SS1;9
2025-08;HLC-MRC-SS1;9
2025-09;HLC-MRC-SS1;9
2025-10;HLC-MRC-SS1;9
2025-11;HLC-MRC-SS1;9
2025-12;HLC-MRC-SS1;9
2020-01;HLC-MRC-SS2;8
2020-02;HLC-MRC-SS2;8
2020-03;HLC-MRC-SS2;8
2020-04;HLC-MRC-SS2;8
2020-05;HLC-MRC-SS2;8
2020-06;HLC-MRC-SS2;8
2020-07;HLC-MRC-SS2;8
2020-08;HLC-MRC-SS2;8
2020-09;HLC-MRC-SS2;8
2020-10;HLC-MRC-SS2;8
2020-11;HLC-MRC-SS2;8
2020-12;HLC-MRC-SS2;8
2021-01;HLC-MRC-SS2;8
2021-02;HLC-MRC-SS2;8
2021-03;HLC-MRC-SS2;8
2021-04;HLC-MRC-SS2;8
2021-05;HLC-MRC-SS2;8
2021-06;HLC-MRC-SS2;8
2021-07;HLC-MRC-SS2;8
2021-08;HLC-MRC-SS2;8
2021-09;HLC-MRC-SS2;8
2021-10;HLC-MRC-SS2;8
2021-11;HLC-MRC-SS2;8
2021-12;HLC-MRC-SS2;8
2022-01;HLC-MRC-SS2;8
2022-02;HLC-MRC-SS2;8
2022-03;HLC-MRC-SS2;8
2022-04;HLC-MRC-SS2;8
2022-05;HLC-MRC-SS2;8
2022-06;HLC-MRC-SS2;8
2022-07;HLC-MRC-SS2;8
2022-08;HLC-MRC-SS2;8
2022-09;HLC-MRC-SS2;8
2022-10;HLC-MRC-SS2;8
2022-11;HLC-MRC-SS2;8
2022-12;HLC-MRC-SS2;8
2023-01;HLC-MRC-SS2;8
2023-02;HLC-MRC-SS2;9
2023-03;HLC-MRC-SS2;8
2023-04;HLC-MRC-SS2;8
2023-05;HLC-MRC-SS2;9
2023-06;HLC-MRC-SS2;8
2023-07;HLC-MRC-SS2;8
2023-08;HLC-MRC-SS2;9
2023-09;HLC-MRC-SS2;8
2023-10;HLC-MRC-SS2;8
2023-11;HLC-MRC-SS2;9
2023-12;HLC-MRC-SS2;9
2024-01;HLC-MRC-SS2;9
2024-02;HLC-MRC-SS2;9
2024-03;HLC-MRC-SS2;9
2024-04;HLC-MRC-SS2;9
2024-05;HLC-MRC-SS2;9
2024-06;HLC-MRC-SS2;9
2024-07;HLC-MRC-SS2;9
2024-08;HLC-MRC-SS2;9
2024-09;HLC-MRC-SS2;9
2024-10;HLC-MRC-SS2;9
2024-11;HLC-MRC-SS2;9
2024-12;HLC-MRC-SS2;9
2025-01;HLC-MRC-SS2;9
2025-02;HLC-MRC-SS2;9
2025-03;HLC-MRC-SS2;9
2025-04;HLC-MRC-SS2;9
2025-05;HLC-MRC-SS2;9
2025-06;HLC-MRC-SS2;9
2025-07;HLC-MRC-SS2;9
2025-08;HLC-MRC-SS2;9
2025-09;HLC-MRC-SS2;9
2025-10;HLC-MRC-SS2;9
2025-11;HLC-MRC-SS2;9
2025-12;HLC-MRC-SS2;9
2020-01;MRC-TSTAT;24
2020-02;MRC-TSTAT;24
2020-03;MRC-TSTAT;24
2020-04;MRC-TSTAT;24
2020-05;MRC-TSTAT;24
2020-06;MRC-TSTAT;24
2020-07;MRC-TSTAT;24
2020-08;MRC-TSTAT;24
2020-09;MRC-TSTAT;24
2020-10;MRC-TSTAT;24
2020-11;MRC-TSTAT;24
2020-12;MRC-TSTAT;24
2021-01;MRC-TSTAT;24
2021-02;MRC-TSTAT;24
2021-03;MRC-TSTAT;25
2021-04;MRC-TSTAT;25
2021-05;MRC-TSTAT;24
2021-06;MRC-TSTAT;25
2021-07;MRC-TSTAT;25
2021-08;MRC-TSTAT;24
2021-09;MRC-TSTAT;24
2021-10;MRC-TSTAT;25
2021-11;MRC-TSTAT;24
2021-12;MRC-TSTAT;24
2022-01;MRC-TSTAT;25
2022-02;MRC-TSTAT;25
2022-03;MRC-TSTAT;25
2022-04;MRC-TSTAT;25
2022-05;MRC-TSTAT;25
2022-06;MRC-TSTAT;25
2022-07;MRC-TSTAT;25
2022-08;MRC-TSTAT;25
2022-09;MRC-TSTAT;25
2022-10;MRC-TSTAT;25
2022-11;MRC-TSTAT;25
2022-12;MRC-TSTAT;25
2023-01;MRC-TSTAT;25
2023-02;MRC-TSTAT;25
2023-03;MRC-TSTAT;26
2023-04;MRC-TSTAT;25
2023-05;MRC-TSTAT;25
2023-06;MRC-TSTAT;26
2023-07;MRC-TSTAT;25
2023-08;MRC-TSTAT;25
2023-09;MRC-TSTAT;26
2023-10;MRC-TSTAT;25
2023-11;MRC-TSTAT;25
2023-12;MRC-TSTAT;26
2024-01;MRC-TSTAT;26
2024-02;MRC-TSTAT;26
2024-03;MRC-TSTAT;26
2024-04;MRC-TSTAT;26
2024-05;MRC-TSTAT;26
2024-06;MRC-TSTAT;26
2024-07;MRC-TSTAT;26
2024-08;MRC-TSTAT;26
2024-09;MRC-TSTAT;26
2024-10;MRC-TSTAT;26
2024-11;MRC-TSTAT;26
2024-12;MRC-TSTAT;26
2025-01;MRC-TSTAT;26
2025-02;MRC-TSTAT;27
2025-03;MRC-TSTAT;26
2025-04;MRC-TSTAT;26
2025-05;MRC-TSTAT;27
2025-06;MRC-TSTAT;26
2025-07;MRC-TSTAT;26
2025-08;MRC-TSTAT;26
2025-09;MRC-TSTAT;26
2025-10;MRC-TSTAT;26
2025-11;MRC-TSTAT;26
2025-12;MRC-TSTAT;27
2020-01;MRC-TBOMBA;12
2020-02;MRC-TBOMBA;12
2020-03;MRC-TBOMBA;12
2020-04;MRC-TBOMBA;12
2020-05;MRC-TBOMBA;12
2020-06;MRC-TBOMBA;12
2020-07;MRC-TBOMBA;12
2020-08;MRC-TBOMBA;12
2020-09;MRC-TBOMBA;12
2020-10;MRC-TBOMBA;12
2020-11;MRC-TBOMBA;12
2020-12;MRC-TBOMBA;12
2021-01;MRC-TBOMBA;12
2021-02;MRC-TBOMBA;12
2021-03;MRC-TBOMBA;12
2021-04;MRC-TBOMBA;12
2021-05;MRC-TBOMBA;12
2021-06;MRC-TBOMBA;12
2021-07;MRC-TBOMBA;12
2021-08;MRC-TBOMBA;12
2021-09;MRC-TBOMBA;12
2021-10;MRC-TBOMBA;12
2021-11;MRC-TBOMBA;12
2021-12;MRC-TBOMBA;12
2022-01;MRC-TBOMBA;13
2022-02;MRC-TBOMBA;12
2022-03;MRC-TBOMBA;12
2022-04;MRC-TBOMBA;13
2022-05;MRC-TBOMBA;13
2022-06;MRC-TBOMBA;12
2022-07;MRC-TBOMBA;12
2022-08;MRC-TBOMBA;13
2022-09;MRC-TBOMBA;12
2022-10;MRC-TBOMBA;12
2022-11;MRC-TBOMBA;13
2022-12;MRC-TBOMBA;12
2023-01;MRC-TBOMBA;13
2023-02;MRC-TBOMBA;13
2023-03;MRC-TBOMBA;13
2023-04;MRC-TBOMBA;13
2023-05;MRC-TBOMBA;13
2023-06;MRC-TBOMBA;13
2023-07;MRC-TBOMBA;13
2023-08;MRC-TBOMBA;13
2023-09;MRC-TBOMBA;13
2023-10;MRC-TBOMBA;13
2023-11;MRC-TBOMBA;13
2023-12;MRC-TBOMBA;13
2024-01;MRC-TBOMBA;13
2024-02;MRC-TBOMBA;13
2024-03;MRC-TBOMBA;13
2024-04;MRC-TBOMBA;13
2024-05;MRC-TBOMBA;13
2024-06;MRC-TBOMBA;13
2024-07;MRC-TBOMBA;13
2024-08;MRC-TBOMBA;13
2024-09;MRC-TBOMBA;13
2024-10;MRC-TBOMBA;13
2024-11;MRC-TBOMBA;13
2024-12;MRC-TBOMBA;13
2025-01;MRC-TBOMBA;13
2025-02;MRC-TBOMBA;13
2025-03;MRC-TBOMBA;13
2025-04;MRC-TBOMBA;13
2025-05;MRC-TBOMBA;13
2025-06;MRC-TBOMBA;13
2025-07;MRC-TBOMBA;13
2025-08;MRC-TBOMBA;13
2025-09;MRC-TBOMBA;13
2025-10;MRC-TBOMBA;13
2025-11;MRC-TBOMBA;13
2025-12;MRC-TBOMBA;13
2020-01;SIR-KIT-WP;18
2020-02;SIR-KIT-WP;18
2020-03;SIR-KIT-WP;18
2020-04;SIR-KIT-WP;18
2020-05;SIR-KIT-WP;18
2020-06;SIR-KIT-WP;18
2020-07;SIR-KIT-WP;18
2020-08;SIR-KIT-WP;18
2020-09;SIR-KIT-WP;18
2020-10;SIR-KIT-WP;18
2020-11;SIR-KIT-WP;18
2020-12;SIR-KIT-WP;18
2021-01;SIR-KIT-WP;19
2021-02;SIR-KIT-WP;18
2021-03;SIR-KIT-WP;18
2021-04;SIR-KIT-WP;18
2021-05;SIR-KIT-WP;18
2021-06;SIR-KIT-WP;18
2021-07;SIR-KIT-WP;18
2021-08;SIR-KIT-WP;18
2021-09;SIR-KIT-WP;18
2021-10;SIR-KIT-WP;18
2021-11;SIR-KIT-WP;18
2021-12;SIR-KIT-WP;18
2022-01;SIR-KIT-WP;19
2022-02;SIR-KIT-WP;19
2022-03;SIR-KIT-WP;19
2022-04;SIR-KIT-WP;19
2022-05;SIR-KIT-WP;19
2022-06;SIR-KIT-WP;19
2022-07;SIR-KIT-WP;19
2022-08;SIR-KIT-WP;19
2022-09;SIR-KIT-WP;19
2022-10;SIR-KIT-WP;19
2022-11;SIR-KIT-WP;19
2022-12;SIR-KIT-WP;19
2023-01;SIR-KIT-WP;19
2023-02;SIR-KIT-WP;19
2023-03;SIR-KIT-WP;19
2023-04;SIR-KIT-WP;19
2023-05;SIR-KIT-WP;19
2023-06;SIR-KIT-WP;19
2023-07;SIR-KIT-WP;19
2023-08;SIR-KIT-WP;19
2023-09;SIR-KIT-WP;19
2023-10;SIR-KIT-WP;19
2023-11;SIR-KIT-WP;19
2023-12;SIR-KIT-WP;19
2024-01;SIR-KIT-WP;19
2024-02;SIR-KIT-WP;19
2024-03;SIR-KIT-WP;20
2024-04;SIR-KIT-WP;19
2024-05;SIR-KIT-WP;19
2024-06;SIR-KIT-WP;20
2024-07;SIR-KIT-WP;19
2024-08;SIR-KIT-WP;19
2024-09;SIR-KIT-WP;20
2024-10;SIR-KIT-WP;19
2024-11;SIR-KIT-WP;19
2024-12;SIR-KIT-WP;20
2025-01;SIR-KIT-WP;20
2025-02;SIR-KIT-WP;20
2025-03;SIR-KIT-WP;20
2025-04;SIR-KIT-WP;20
2025-05;SIR-KIT-WP;20
2025-06;SIR-KIT-WP;20
2025-07;SIR-KIT-WP;20
2025-08;SIR-KIT-WP;20
2025-09;SIR-KIT-WP;20
2025-10;SIR-KIT-WP;20
2025-11;SIR-KIT-WP;20
2025-12;SIR-KIT-WP;20
2020-01;MRC-KIT-WP;15
2020-02;MRC-KIT-WP;15
2020-03;MRC-KIT-WP;15
2020-04;MRC-KIT-WP;15
2020-05;MRC-KIT-WP;15
2020-06;MRC-KIT-WP;15
2020-07;MRC-KIT-WP;15
2020-08;MRC-KIT-WP;15
2020-09;MRC-KIT-WP;15
2020-10;MRC-KIT-WP;15
2020-11;MRC-KIT-WP;15
2020-12;MRC-KIT-WP;15
2021-01;MRC-KIT-WP;15
2021-02;MRC-KIT-WP;15
2021-03;MRC-KIT-WP;15
2021-04;MRC-KIT-WP;15
2021-05;MRC-KIT-WP;15
2021-06;MRC-KIT-WP;15
2021-07;MRC-KIT-WP;15
2021-08;MRC-KIT-WP;15
2021-09;MRC-KIT-WP;15
2021-10;MRC-KIT-WP;15
2021-11;MRC-KIT-WP;15
2021-12;MRC-KIT-WP;15
2022-01;MRC-KIT-WP;16
2022-02;MRC-KIT-WP;16
2022-03;MRC-KIT-WP;16
2022-04;MRC-KIT-WP;15
2022-05;MRC-KIT-WP;16
2022-06;MRC-KIT-WP;16
2022-07;MRC-KIT-WP;15
2022-08;MRC-KIT-WP;16
2022-09;MRC-KIT-WP;16
2022-10;MRC-KIT-WP;15
2022-11;MRC-KIT-WP;16
2022-12;MRC-KIT-WP;16
2023-01;MRC-KIT-WP;16
2023-02;MRC-KIT-WP;16
2023-03;MRC-KIT-WP;16
2023-04;MRC-KIT-WP;16
2023-05;MRC-KIT-WP;16
2023-06;MRC-KIT-WP;16
2023-07;MRC-KIT-WP;16
2023-08;MRC-KIT-WP;16
2023-09;MRC-KIT-WP;16
2023-10;MRC-KIT-WP;16
2023-11;MRC-KIT-WP;16
2023-12;MRC-KIT-WP;16
2024-01;MRC-KIT-WP;16
2024-02;MRC-KIT-WP;16
2024-03;MRC-KIT-WP;16
2024-04;MRC-KIT-WP;16
2024-05;MRC-KIT-WP;16
2024-06;MRC-KIT-WP;16
2024-07;MRC-KIT-WP;16
2024-08;MRC-KIT-WP;16
2024-09;MRC-KIT-WP;16
2024-10;MRC-KIT-WP;16
2024-11;MRC-KIT-WP;16
2024-12;MRC-KIT-WP;16
2025-01;MRC-KIT-WP;17
2025-02;MRC-KIT-WP;17
2025-03;MRC-KIT-WP;16
2025-04;MRC-KIT-WP;17
2025-05;MRC-KIT-WP;17
2025-06;MRC-KIT-WP;16
2025-07;MRC-KIT-WP;16
2025-08;MRC-KIT-WP;17
2025-09;MRC-KIT-WP;16
2025-10;MRC-KIT-WP;16
2025-11;MRC-KIT-WP;17
2025-12;MRC-KIT-WP;16
2020-01;SIM-GO9XSE;9
2020-02;SIM-GO9XSE;9
2020-03;SIM-GO9XSE;9
2020-04;SIM-GO9XSE;9
2020-05;SIM-GO9XSE;9
2020-06;SIM-GO9XSE;9
2020-07;SIM-GO9XSE;9
2020-08;SIM-GO9XSE;9
2020-09;SIM-GO9XSE;9
2020-10;SIM-GO9XSE;9
2020-11;SIM-GO9XSE;9
2020-12;SIM-GO9XSE;9
2021-01;SIM-GO9XSE;9
2021-02;SIM-GO9XSE;9
2021-03;SIM-GO9XSE;9
2021-04;SIM-GO9XSE;9
2021-05;SIM-GO9XSE;9
2021-06;SIM-GO9XSE;9
2021-07;SIM-GO9XSE;9
2021-08;SIM-GO9XSE;9
2021-09;SIM-GO9XSE;9
2021-10;SIM-GO9XSE;9
2021-11;SIM-GO9XSE;9
2021-12;SIM-GO9XSE;9
2022-01;SIM-GO9XSE;9
2022-02;SIM-GO9XSE;9
2022-03;SIM-GO9XSE;9
2022-04;SIM-GO9XSE;9
2022-05;SIM-GO9XSE;9
2022-06;SIM-GO9XSE;9
2022-07;SIM-GO9XSE;9
2022-08;SIM-GO9XSE;9
2022-09;SIM-GO9XSE;9
2022-10;SIM-GO9XSE;9
2022-11;SIM-GO9XSE;9
2022-12;SIM-GO9XSE;9
2023-01;SIM-GO9XSE;9
2023-02;SIM-GO9XSE;10
2023-03;SIM-GO9XSE;10
2023-04;SIM-GO9XSE;10
2023-05;SIM-GO9XSE;10
2023-06;SIM-GO9XSE;10
2023-07;SIM-GO9XSE;10
2023-08;SIM-GO9XSE;9
2023-09;SIM-GO9XSE;10
2023-10;SIM-GO9XSE;10
2023-11;SIM-GO9XSE;9
2023-12;SIM-GO9XSE;10
2024-01;SIM-GO9XSE;10
2024-02;SIM-GO9XSE;10
2024-03;SIM-GO9XSE;10
2024-04;SIM-GO9XSE;10
2024-05;SIM-GO9XSE;10
2024-06;SIM-GO9XSE;10
2024-07;SIM-GO9XSE;10
2024-08;SIM-GO9XSE;10
2024-09;SIM-GO9XSE;10
2024-10;SIM-GO9XSE;10
2024-11;SIM-GO9XSE;10
2024-12;SIM-GO9XSE;10
2025-01;SIM-GO9XSE;10
2025-02;SIM-GO9XSE;10
2025-03;SIM-GO9XSE;10
2025-04;SIM-GO9XSE;10
2025-05;SIM-GO9XSE;10
2025-06;SIM-GO9XSE;10
2025-07;SIM-GO9XSE;10
2025-08;SIM-GO9XSE;10
2025-09;SIM-GO9XSE;10
2025-10;SIM-GO9XSE;10
2025-11;SIM-GO9XSE;10
2025-12;SIM-GO9XSE;10
2020-01;SIM-GO12XSE;8
2020-02;SIM-GO12XSE;8
2020-03;SIM-GO12XSE;8
2020-04;SIM-GO12XSE;8
2020-05;SIM-GO12XSE;8
2020-06;SIM-GO12XSE;8
2020-07;SIM-GO12XSE;8
2020-08;SIM-GO12XSE;8
2020-09;SIM-GO12XSE;8
2020-10;SIM-GO12XSE;8
2020-11;SIM-GO12XSE;8
2020-12;SIM-GO12XSE;8
2021-01;SIM-GO12XSE;8
2021-02;SIM-GO12XSE;8
2021-03;SIM-GO12XSE;8
2021-04;SIM-GO12XSE;8
2021-05;SIM-GO12XSE;8
2021-06;SIM-GO12XSE;8
2021-07;SIM-GO12XSE;8
2021-08;SIM-GO12XSE;8
2021-09;SIM-GO12XSE;8
2021-10;SIM-GO12XSE;8
2021-11;SIM-GO12XSE;8
2021-12;SIM-GO12XSE;8
2022-01;SIM-GO12XSE;8
2022-02;SIM-GO12XSE;8
2022-03;SIM-GO12XSE;8
2022-04;SIM-GO12XSE;8
2022-05;SIM-GO12XSE;8
2022-06;SIM-GO12XSE;8
2022-07;SIM-GO12XSE;8
2022-08;SIM-GO12XSE;8
2022-09;SIM-GO12XSE;8
2022-10;SIM-GO12XSE;8
2022-11;SIM-GO12XSE;8
2022-12;SIM-GO12XSE;8
2023-01;SIM-GO12XSE;9
2023-02;SIM-GO12XSE;8
2023-03;SIM-GO12XSE;8
2023-04;SIM-GO12XSE;9
2023-05;SIM-GO12XSE;8
2023-06;SIM-GO12XSE;8
2023-07;SIM-GO12XSE;9
2023-08;SIM-GO12XSE;8
2023-09;SIM-GO12XSE;8
2023-10;SIM-GO12XSE;9
2023-11;SIM-GO12XSE;8
2023-12;SIM-GO12XSE;8
2024-01;SIM-GO12XSE;9
2024-02;SIM-GO12XSE;9
2024-03;SIM-GO12XSE;9
2024-04;SIM-GO12XSE;9
2024-05;SIM-GO12XSE;9
2024-06;SIM-GO12XSE;9
2024-07;SIM-GO12XSE;9
2024-08;SIM-GO12XSE;9
2024-09;SIM-GO12XSE;9
2024-10;SIM-GO12XSE;9
2024-11;SIM-GO12XSE;9
2024-12;SIM-GO12XSE;9
2025-01;SIM-GO12XSE;9
2025-02;SIM-GO12XSE;9
2025-03;SIM-GO12XSE;9
2025-04;SIM-GO12XSE;9
2025-05;SIM-GO12XSE;9
2025-06;SIM-GO12XSE;9
2025-07;SIM-GO12XSE;9
2025-08;SIM-GO12XSE;9
2025-09;SIM-GO12XSE;9
2025-10;SIM-GO12XSE;9
2025-11;SIM-GO12XSE;9
2025-12;SIM-GO12XSE;9
2020-01;SIM-NSS9;8
2020-02;SIM-NSS9;8
2020-03;SIM-NSS9;8
2020-04;SIM-NSS9;8
2020-05;SIM-NSS9;8
2020-06;SIM-NSS9;8
2020-07;SIM-NSS9;8
2020-08;SIM-NSS9;8
2020-09;SIM-NSS9;8
2020-10;SIM-NSS9;8
2020-11;SIM-NSS9;8
2020-12;SIM-NSS9;8
2021-01;SIM-NSS9;8
2021-02;SIM-NSS9;8
2021-03;SIM-NSS9;9
2021-04;SIM-NSS9;8
2021-05;SIM-NSS9;9
2021-06;SIM-NSS9;8
2021-07;SIM-NSS9;9
2021-08;SIM-NSS9;8
2021-09;SIM-NSS9;9
2021-10;SIM-NSS9;8
2021-11;SIM-NSS9;8
2021-12;SIM-NSS9;9
2022-01;SIM-NSS9;9
2022-02;SIM-NSS9;8
2022-03;SIM-NSS9;9
2022-04;SIM-NSS9;8
2022-05;SIM-NSS9;9
2022-06;SIM-NSS9;8
2022-07;SIM-NSS9;9
2022-08;SIM-NSS9;9
2022-09;SIM-NSS9;8
2022-10;SIM-NSS9;8
2022-11;SIM-NSS9;9
2022-12;SIM-NSS9;8
2023-01;SIM-NSS9;8
2023-02;SIM-NSS9;8
2023-03;SIM-NSS9;9
2023-04;SIM-NSS9;8
2023-05;SIM-NSS9;8
2023-06;SIM-NSS9;8
2023-07;SIM-NSS9;9
2023-08;SIM-NSS9;8
2023-09;SIM-NSS9;8
2023-10;SIM-NSS9;8
2023-11;SIM-NSS9;9
2023-12;SIM-NSS9;8
2024-01;SIM-NSS9;8
2024-02;SIM-NSS9;7
2024-03;SIM-NSS9;7
2024-04;SIM-NSS9;6
2024-05;SIM-NSS9;6
2024-06;SIM-NSS9;6
2024-07;SIM-NSS9;6
2024-08;SIM-NSS9;6
2024-09;SIM-NSS9;6
2024-10;SIM-NSS9;6
2024-11;SIM-NSS9;6
2024-12;SIM-NSS9;6
2025-01;SIM-NSS9;6
2025-02;SIM-NSS9;6
2025-03;SIM-NSS9;6
2025-04;SIM-NSS9;6
2025-05;SIM-NSS9;6
2025-06;SIM-NSS9;6
2025-07;SIM-NSS9;6
2025-08;SIM-NSS9;6
2025-09;SIM-NSS9;6
2025-10;SIM-NSS9;6
2025-11;SIM-NSS9;6
2025-12;SIM-NSS9;6
2020-01;SIM-NSS12;8
2020-02;SIM-NSS12;8
2020-03;SIM-NSS12;8
2020-04;SIM-NSS12;8
2020-05;SIM-NSS12;8
2020-06;SIM-NSS12;8
2020-07;SIM-NSS12;8
2020-08;SIM-NSS12;8
2020-09;SIM-NSS12;8
2020-10;SIM-NSS12;8
2020-11;SIM-NSS12;8
2020-12;SIM-NSS12;8
2021-01;SIM-NSS12;8
2021-02;SIM-NSS12;8
2021-03;SIM-NSS12;8
2021-04;SIM-NSS12;8
2021-05;SIM-NSS12;8
2021-06;SIM-NSS12;8
2021-07;SIM-NSS12;8
2021-08;SIM-NSS12;8
2021-09;SIM-NSS12;8
2021-10;SIM-NSS12;8
2021-11;SIM-NSS12;8
2021-12;SIM-NSS12;8
2022-01;SIM-NSS12;8
2022-02;SIM-NSS12;8
2022-03;SIM-NSS12;8
2022-04;SIM-NSS12;8
2022-05;SIM-NSS12;8
2022-06;SIM-NSS12;8
2022-07;SIM-NSS12;8
2022-08;SIM-NSS12;8
2022-09;SIM-NSS12;8
2022-10;SIM-NSS12;8
2022-11;SIM-NSS12;8
2022-12;SIM-NSS12;8
2023-01;SIM-NSS12;9
2023-02;SIM-NSS12;8
2023-03;SIM-NSS12;8
2023-04;SIM-NSS12;9
2023-05;SIM-NSS12;8
2023-06;SIM-NSS12;8
2023-07;SIM-NSS12;8
2023-08;SIM-NSS12;9
2023-09;SIM-NSS12;8
2023-10;SIM-NSS12;8
2023-11;SIM-NSS12;9
2023-12;SIM-NSS12;8
2024-01;SIM-NSS12;9
2024-02;SIM-NSS12;9
2024-03;SIM-NSS12;9
2024-04;SIM-NSS12;9
2024-05;SIM-NSS12;9
2024-06;SIM-NSS12;9
2024-07;SIM-NSS12;9
2024-08;SIM-NSS12;9
2024-09;SIM-NSS12;9
2024-10;SIM-NSS12;9
2024-11;SIM-NSS12;9
2024-12;SIM-NSS12;9
2025-01;SIM-NSS12;9
2025-02;SIM-NSS12;9
2025-03;SIM-NSS12;9
2025-04;SIM-NSS12;9
2025-05;SIM-NSS12;9
2025-06;SIM-NSS12;9
2025-07;SIM-NSS12;9
2025-08;SIM-NSS12;9
2025-09;SIM-NSS12;9
2025-10;SIM-NSS12;9
2025-11;SIM-NSS12;9
2025-12;SIM-NSS12;9
2020-01;SIM-VHF-RS35;12
2020-02;SIM-VHF-RS35;12
2020-03;SIM-VHF-RS35;12
2020-04;SIM-VHF-RS35;12
2020-05;SIM-VHF-RS35;12
2020-06;SIM-VHF-RS35;12
2020-07;SIM-VHF-RS35;12
2020-08;SIM-VHF-RS35;12
2020-09;SIM-VHF-RS35;12
2020-10;SIM-VHF-RS35;12
2020-11;SIM-VHF-RS35;12
2020-12;SIM-VHF-RS35;12
2021-01;SIM-VHF-RS35;12
2021-02;SIM-VHF-RS35;12
2021-03;SIM-VHF-RS35;12
2021-04;SIM-VHF-RS35;12
2021-05;SIM-VHF-RS35;12
2021-06;SIM-VHF-RS35;12
2021-07;SIM-VHF-RS35;12
2021-08;SIM-VHF-RS35;12
2021-09;SIM-VHF-RS35;12
2021-10;SIM-VHF-RS35;12
2021-11;SIM-VHF-RS35;12
2021-12;SIM-VHF-RS35;12
2022-01;SIM-VHF-RS35;12
2022-02;SIM-VHF-RS35;13
2022-03;SIM-VHF-RS35;12
2022-04;SIM-VHF-RS35;12
2022-05;SIM-VHF-RS35;13
2022-06;SIM-VHF-RS35;12
2022-07;SIM-VHF-RS35;12
2022-08;SIM-VHF-RS35;13
2022-09;SIM-VHF-RS35;12
2022-10;SIM-VHF-RS35;12
2022-11;SIM-VHF-RS35;13
2022-12;SIM-VHF-RS35;13
2023-01;SIM-VHF-RS35;13
2023-02;SIM-VHF-RS35;13
2023-03;SIM-VHF-RS35;13
2023-04;SIM-VHF-RS35;13
2023-05;SIM-VHF-RS35;13
2023-06;SIM-VHF-RS35;13
2023-07;SIM-VHF-RS35;13
2023-08;SIM-VHF-RS35;13
2023-09;SIM-VHF-RS35;13
2023-10;SIM-VHF-RS35;13
2023-11;SIM-VHF-RS35;13
2023-12;SIM-VHF-RS35;13
2024-01;SIM-VHF-RS35;13
2024-02;SIM-VHF-RS35;13
2024-03;SIM-VHF-RS35;13
2024-04;SIM-VHF-RS35;13
2024-05;SIM-VHF-RS35;13
2024-06;SIM-VHF-RS35;13
2024-07;SIM-VHF-RS35;13
2024-08;SIM-VHF-RS35;13
2024-09;SIM-VHF-RS35;13
2024-10;SIM-VHF-RS35;13
2024-11;SIM-VHF-RS35;13
2024-12;SIM-VHF-RS35;13
2025-01;SIM-VHF-RS35;13
2025-02;SIM-VHF-RS35;13
2025-03;SIM-VHF-RS35;13
2025-04;SIM-VHF-RS35;13
2025-05;SIM-VHF-RS35;13
2025-06;SIM-VHF-RS35;13
2025-07;SIM-VHF-RS35;13
2025-08;SIM-VHF-RS35;13
2025-09;SIM-VHF-RS35;13
2025-10;SIM-VHF-RS35;13
2025-11;SIM-VHF-RS35;13
2025-12;SIM-VHF-RS35;13
2020-01;MRC-BLTALT;18
2020-02;MRC-BLTALT;18
2020-03;MRC-BLTALT;18
2020-04;MRC-BLTALT;18
2020-05;MRC-BLTALT;18
2020-06;MRC-BLTALT;18
2020-07;MRC-BLTALT;18
2020-08;MRC-BLTALT;18
2020-09;MRC-BLTALT;18
2020-10;MRC-BLTALT;18
2020-11;MRC-BLTALT;18
2020-12;MRC-BLTALT;18
2021-01;MRC-BLTALT;18
2021-02;MRC-BLTALT;18
2021-03;MRC-BLTALT;18
2021-04;MRC-BLTALT;18
2021-05;MRC-BLTALT;18
2021-06;MRC-BLTALT;18
2021-07;MRC-BLTALT;18
2021-08;MRC-BLTALT;18
2021-09;MRC-BLTALT;18
2021-10;MRC-BLTALT;18
2021-11;MRC-BLTALT;18
2021-12;MRC-BLTALT;19
2022-01;MRC-BLTALT;19
2022-02;MRC-BLTALT;19
2022-03;MRC-BLTALT;19
2022-04;MRC-BLTALT;19
2022-05;MRC-BLTALT;19
2022-06;MRC-BLTALT;19
2022-07;MRC-BLTALT;19
2022-08;MRC-BLTALT;19
2022-09;MRC-BLTALT;19
2022-10;MRC-BLTALT;19
2022-11;MRC-BLTALT;19
2022-12;MRC-BLTALT;19
2023-01;MRC-BLTALT;19
2023-02;MRC-BLTALT;19
2023-03;MRC-BLTALT;19
2023-04;MRC-BLTALT;19
2023-05;MRC-BLTALT;19
2023-06;MRC-BLTALT;19
2023-07;MRC-BLTALT;19
2023-08;MRC-BLTALT;19
2023-09;MRC-BLTALT;19
2023-10;MRC-BLTALT;19
2023-11;MRC-BLTALT;19
2023-12;MRC-BLTALT;19
2024-01;MRC-BLTALT;20
2024-02;MRC-BLTALT;19
2024-03;MRC-BLTALT;19
2024-04;MRC-BLTALT;20
2024-05;MRC-BLTALT;19
2024-06;MRC-BLTALT;19
2024-07;MRC-BLTALT;20
2024-08;MRC-BLTALT;19
2024-09;MRC-BLTALT;19
2024-10;MRC-BLTALT;20
2024-11;MRC-BLTALT;19
2024-12;MRC-BLTALT;19
2025-01;MRC-BLTALT;20
2025-02;MRC-BLTALT;20
2025-03;MRC-BLTALT;20
2025-04;MRC-BLTALT;20
2025-05;MRC-BLTALT;20
2025-06;MRC-BLTALT;20
2025-07;MRC-BLTALT;20
2025-08;MRC-BLTALT;20
2025-09;MRC-BLTALT;20
2025-10;MRC-BLTALT;20
2025-11;MRC-BLTALT;20
2025-12;MRC-BLTALT;20
2020-01;MRC-BLTPS;12
2020-02;MRC-BLTPS;12
2020-03;MRC-BLTPS;12
2020-04;MRC-BLTPS;12
2020-05;MRC-BLTPS;12
2020-06;MRC-BLTPS;12
2020-07;MRC-BLTPS;12
2020-08;MRC-BLTPS;12
2020-09;MRC-BLTPS;12
2020-10;MRC-BLTPS;12
2020-11;MRC-BLTPS;12
2020-12;MRC-BLTPS;12
2021-01;MRC-BLTPS;12
2021-02;MRC-BLTPS;12
2021-03;MRC-BLTPS;12
2021-04;MRC-BLTPS;12
2021-05;MRC-BLTPS;12
2021-06;MRC-BLTPS;12
2021-07;MRC-BLTPS;12
2021-08;MRC-BLTPS;12
2021-09;MRC-BLTPS;12
2021-10;MRC-BLTPS;12
2021-11;MRC-BLTPS;12
2021-12;MRC-BLTPS;12
2022-01;MRC-BLTPS;12
2022-02;MRC-BLTPS;13
2022-03;MRC-BLTPS;13
2022-04;MRC-BLTPS;12
2022-05;MRC-BLTPS;13
2022-06;MRC-BLTPS;13
2022-07;MRC-BLTPS;12
2022-08;MRC-BLTPS;12
2022-09;MRC-BLTPS;13
2022-10;MRC-BLTPS;12
2022-11;MRC-BLTPS;12
2022-12;MRC-BLTPS;13
2023-01;MRC-BLTPS;13
2023-02;MRC-BLTPS;13
2023-03;MRC-BLTPS;13
2023-04;MRC-BLTPS;13
2023-05;MRC-BLTPS;13
2023-06;MRC-BLTPS;13
2023-07;MRC-BLTPS;13
2023-08;MRC-BLTPS;13
2023-09;MRC-BLTPS;13
2023-10;MRC-BLTPS;13
2023-11;MRC-BLTPS;13
2023-12;MRC-BLTPS;13
2024-01;MRC-BLTPS;13
2024-02;MRC-BLTPS;13
2024-03;MRC-BLTPS;13
2024-04;MRC-BLTPS;13
2024-05;MRC-BLTPS;13
2024-06;MRC-BLTPS;13
2024-07;MRC-BLTPS;13
2024-08;MRC-BLTPS;13
2024-09;MRC-BLTPS;13
2024-10;MRC-BLTPS;13
2024-11;MRC-BLTPS;13
2024-12;MRC-BLTPS;13
2025-01;MRC-BLTPS;13
2025-02;MRC-BLTPS;13
2025-03;MRC-BLTPS;13
2025-04;MRC-BLTPS;13
2025-05;MRC-BLTPS;13
2025-06;MRC-BLTPS;13
2025-07;MRC-BLTPS;13
2025-08;MRC-BLTPS;13
2025-09;MRC-BLTPS;13
2025-10;MRC-BLTPS;13
2025-11;MRC-BLTPS;13
2025-12;MRC-BLTPS;13
2020-01;MRC-ACPR;24
2020-02;MRC-ACPR;24
2020-03;MRC-ACPR;24
2020-04;MRC-ACPR;24
2020-05;MRC-ACPR;24
2020-06;MRC-ACPR;24
2020-07;MRC-ACPR;24
2020-08;MRC-ACPR;24
2020-09;MRC-ACPR;24
2020-10;MRC-ACPR;24
2020-11;MRC-ACPR;24
2020-12;MRC-ACPR;24
2021-01;MRC-ACPR;25
2021-02;MRC-ACPR;25
2021-03;MRC-ACPR;24
2021-04;MRC-ACPR;24
2021-05;MRC-ACPR;25
2021-06;MRC-ACPR;24
2021-07;MRC-ACPR;24
2021-08;MRC-ACPR;25
2021-09;MRC-ACPR;24
2021-10;MRC-ACPR;24
2021-11;MRC-ACPR;25
2021-12;MRC-ACPR;25
2022-01;MRC-ACPR;25
2022-02;MRC-ACPR;25
2022-03;MRC-ACPR;25
2022-04;MRC-ACPR;25
2022-05;MRC-ACPR;25
2022-06;MRC-ACPR;25
2022-07;MRC-ACPR;25
2022-08;MRC-ACPR;25
2022-09;MRC-ACPR;25
2022-10;MRC-ACPR;25
2022-11;MRC-ACPR;25
2022-12;MRC-ACPR;25
2023-01;MRC-ACPR;26
2023-02;MRC-ACPR;25
2023-03;MRC-ACPR;25
2023-04;MRC-ACPR;26
2023-05;MRC-ACPR;25
2023-06;MRC-ACPR;25
2023-07;MRC-ACPR;26
2023-08;MRC-ACPR;25
2023-09;MRC-ACPR;25
2023-10;MRC-ACPR;26
2023-11;MRC-ACPR;26
2023-12;MRC-ACPR;25
2024-01;MRC-ACPR;26
2024-02;MRC-ACPR;26
2024-03;MRC-ACPR;26
2024-04;MRC-ACPR;26
2024-05;MRC-ACPR;26
2024-06;MRC-ACPR;26
2024-07;MRC-ACPR;26
2024-08;MRC-ACPR;26
2024-09;MRC-ACPR;26
2024-10;MRC-ACPR;26
2024-11;MRC-ACPR;26
2024-12;MRC-ACPR;26
2025-01;MRC-ACPR;26
2025-02;MRC-ACPR;26
2025-03;MRC-ACPR;27
2025-04;MRC-ACPR;26
2025-05;MRC-ACPR;26
2025-06;MRC-ACPR;26
2025-07;MRC-ACPR;27
2025-08;MRC-ACPR;26
2025-09;MRC-ACPR;26
2025-10;MRC-ACPR;27
2025-11;MRC-ACPR;26
2025-12;MRC-ACPR;26
2020-01;QSV-EC;30
2020-02;QSV-EC;30
2020-03;QSV-EC;30
2020-04;QSV-EC;30
2020-05;QSV-EC;30
2020-06;QSV-EC;30
2020-07;QSV-EC;30
2020-08;QSV-EC;30
2020-09;QSV-EC;30
2020-10;QSV-EC;30
2020-11;QSV-EC;30
2020-12;QSV-EC;30
2021-01;QSV-EC;30
2021-02;QSV-EC;31
2021-03;QSV-EC;31
2021-04;QSV-EC;30
2021-05;QSV-EC;31
2021-06;QSV-EC;31
2021-07;QSV-EC;30
2021-08;QSV-EC;31
2021-09;QSV-EC;31
2021-10;QSV-EC;31
2021-11;QSV-EC;30
2021-12;QSV-EC;31
2022-01;QSV-EC;31
2022-02;QSV-EC;31
2022-03;QSV-EC;31
2022-04;QSV-EC;31
2022-05;QSV-EC;31
2022-06;QSV-EC;31
2022-07;QSV-EC;31
2022-08;QSV-EC;31
2022-09;QSV-EC;31
2022-10;QSV-EC;31
2022-11;QSV-EC;31
2022-12;QSV-EC;31
2023-01;QSV-EC;32
2023-02;QSV-EC;32
2023-03;QSV-EC;32
2023-04;QSV-EC;32
2023-05;QSV-EC;32
2023-06;QSV-EC;32
2023-07;QSV-EC;32
2023-08;QSV-EC;32
2023-09;QSV-EC;32
2023-10;QSV-EC;32
2023-11;QSV-EC;32
2023-12;QSV-EC;32
2024-01;QSV-EC;32
2024-02;QSV-EC;33
2024-03;QSV-EC;32
2024-04;QSV-EC;32
2024-05;QSV-EC;33
2024-06;QSV-EC;32
2024-07;QSV-EC;32
2024-08;QSV-EC;33
2024-09;QSV-EC;32
2024-10;QSV-EC;32
2024-11;QSV-EC;33
2024-12;QSV-EC;32
2025-01;QSV-EC;33
2025-02;QSV-EC;33
2025-03;QSV-EC;33
2025-04;QSV-EC;33
2025-05;QSV-EC;33
2025-06;QSV-EC;33
2025-07;QSV-EC;33
2025-08;QSV-EC;33
2025-09;QSV-EC;33
2025-10;QSV-EC;33
2025-11;QSV-EC;33
2025-12;QSV-EC;33
2020-01;MRC-KIT-STR;9
2020-02;MRC-KIT-STR;9
2020-03;MRC-KIT-STR;9
2020-04;MRC-KIT-STR;9
2020-05;MRC-KIT-STR;9
2020-06;MRC-KIT-STR;9
2020-07;MRC-KIT-STR;9
2020-08;MRC-KIT-STR;9
2020-09;MRC-KIT-STR;9
2020-10;MRC-KIT-STR;9
2020-11;MRC-KIT-STR;9
2020-12;MRC-KIT-STR;9
2021-01;MRC-KIT-STR;9
2021-02;MRC-KIT-STR;9
2021-03;MRC-KIT-STR;9
2021-04;MRC-KIT-STR;9
2021-05;MRC-KIT-STR;9
2021-06;MRC-KIT-STR;9
2021-07;MRC-KIT-STR;9
2021-08;MRC-KIT-STR;9
2021-09;MRC-KIT-STR;9
2021-10;MRC-KIT-STR;9
2021-11;MRC-KIT-STR;9
2021-12;MRC-KIT-STR;9
2022-01;MRC-KIT-STR;9
2022-02;MRC-KIT-STR;9
2022-03;MRC-KIT-STR;9
2022-04;MRC-KIT-STR;9
2022-05;MRC-KIT-STR;9
2022-06;MRC-KIT-STR;9
2022-07;MRC-KIT-STR;9
2022-08;MRC-KIT-STR;9
2022-09;MRC-KIT-STR;9
2022-10;MRC-KIT-STR;9
2022-11;MRC-KIT-STR;9
2022-12;MRC-KIT-STR;9
2023-01;MRC-KIT-STR;9
2023-02;MRC-KIT-STR;10
2023-03;MRC-KIT-STR;10
2023-04;MRC-KIT-STR;9
2023-05;MRC-KIT-STR;10
2023-06;MRC-KIT-STR;10
2023-07;MRC-KIT-STR;10
2023-08;MRC-KIT-STR;9
2023-09;MRC-KIT-STR;10
2023-10;MRC-KIT-STR;10
2023-11;MRC-KIT-STR;9
2023-12;MRC-KIT-STR;10
2024-01;MRC-KIT-STR;10
2024-02;MRC-KIT-STR;10
2024-03;MRC-KIT-STR;10
2024-04;MRC-KIT-STR;10
2024-05;MRC-KIT-STR;10
2024-06;MRC-KIT-STR;10
2024-07;MRC-KIT-STR;10
2024-08;MRC-KIT-STR;10
2024-09;MRC-KIT-STR;10
2024-10;MRC-KIT-STR;10
2024-11;MRC-KIT-STR;10
2024-12;MRC-KIT-STR;10
2025-01;MRC-KIT-STR;10
2025-02;MRC-KIT-STR;10
2025-03;MRC-KIT-STR;10
2025-04;MRC-KIT-STR;10
2025-05;MRC-KIT-STR;10
2025-06;MRC-KIT-STR;10
2025-07;MRC-KIT-STR;10
2025-08;MRC-KIT-STR;10
2025-09;MRC-KIT-STR;10
2025-10;MRC-KIT-STR;10
2025-11;MRC-KIT-STR;10
2025-12;MRC-KIT-STR;10
2020-01;MRC-SPARK;36
2020-02;MRC-SPARK;36
2020-03;MRC-SPARK;36
2020-04;MRC-SPARK;36
2020-05;MRC-SPARK;36
2020-06;MRC-SPARK;36
2020-07;MRC-SPARK;36
2020-08;MRC-SPARK;36
2020-09;MRC-SPARK;36
2020-10;MRC-SPARK;36
2020-11;MRC-SPARK;36
2020-12;MRC-SPARK;36
2021-01;MRC-SPARK;37
2021-02;MRC-SPARK;37
2021-03;MRC-SPARK;37
2021-04;MRC-SPARK;37
2021-05;MRC-SPARK;37
2021-06;MRC-SPARK;37
2021-07;MRC-SPARK;37
2021-08;MRC-SPARK;36
2021-09;MRC-SPARK;37
2021-10;MRC-SPARK;37
2021-11;MRC-SPARK;36
2021-12;MRC-SPARK;37
2022-01;MRC-SPARK;37
2022-02;MRC-SPARK;37
2022-03;MRC-SPARK;38
2022-04;MRC-SPARK;37
2022-05;MRC-SPARK;37
2022-06;MRC-SPARK;38
2022-07;MRC-SPARK;38
2022-08;MRC-SPARK;37
2022-09;MRC-SPARK;37
2022-10;MRC-SPARK;38
2022-11;MRC-SPARK;37
2022-12;MRC-SPARK;37
2023-01;MRC-SPARK;38
2023-02;MRC-SPARK;38
2023-03;MRC-SPARK;38
2023-04;MRC-SPARK;38
2023-05;MRC-SPARK;38
2023-06;MRC-SPARK;38
2023-07;MRC-SPARK;38
2023-08;MRC-SPARK;38
2023-09;MRC-SPARK;38
2023-10;MRC-SPARK;38
2023-11;MRC-SPARK;38
2023-12;MRC-SPARK;38
2024-01;MRC-SPARK;39
2024-02;MRC-SPARK;39
2024-03;MRC-SPARK;39
2024-04;MRC-SPARK;39
2024-05;MRC-SPARK;39
2024-06;MRC-SPARK;39
2024-07;MRC-SPARK;39
2024-08;MRC-SPARK;39
2024-09;MRC-SPARK;39
2024-10;MRC-SPARK;39
2024-11;MRC-SPARK;39
2024-12;MRC-SPARK;39
2025-01;MRC-SPARK;40
2025-02;MRC-SPARK;40
2025-03;MRC-SPARK;39
2025-04;MRC-SPARK;40
2025-05;MRC-SPARK;40
2025-06;MRC-SPARK;39
2025-07;MRC-SPARK;39
2025-08;MRC-SPARK;40
2025-09;MRC-SPARK;40
2025-10;MRC-SPARK;39
2025-11;MRC-SPARK;40
2025-12;MRC-SPARK;40
2020-01;SIR-CRANK;8
2020-02;SIR-CRANK;8
2020-03;SIR-CRANK;8
2020-04;SIR-CRANK;8
2020-05;SIR-CRANK;8
2020-06;SIR-CRANK;8
2020-07;SIR-CRANK;8
2020-08;SIR-CRANK;8
2020-09;SIR-CRANK;8
2020-10;SIR-CRANK;8
2020-11;SIR-CRANK;8
2020-12;SIR-CRANK;8
2021-01;SIR-CRANK;8
2021-02;SIR-CRANK;8
2021-03;SIR-CRANK;8
2021-04;SIR-CRANK;8
2021-05;SIR-CRANK;8
2021-06;SIR-CRANK;8
2021-07;SIR-CRANK;8
2021-08;SIR-CRANK;8
2021-09;SIR-CRANK;8
2021-10;SIR-CRANK;8
2021-11;SIR-CRANK;8
2021-12;SIR-CRANK;8
2022-01;SIR-CRANK;8
2022-02;SIR-CRANK;8
2022-03;SIR-CRANK;8
2022-04;SIR-CRANK;8
2022-05;SIR-CRANK;8
2022-06;SIR-CRANK;8
2022-07;SIR-CRANK;8
2022-08;SIR-CRANK;8
2022-09;SIR-CRANK;8
2022-10;SIR-CRANK;8
2022-11;SIR-CRANK;8
2022-12;SIR-CRANK;8
2023-01;SIR-CRANK;9
2023-02;SIR-CRANK;8
2023-03;SIR-CRANK;8
2023-04;SIR-CRANK;9
2023-05;SIR-CRANK;8
2023-06;SIR-CRANK;8
2023-07;SIR-CRANK;9
2023-08;SIR-CRANK;9
2023-09;SIR-CRANK;8
2023-10;SIR-CRANK;8
2023-11;SIR-CRANK;9
2023-12;SIR-CRANK;8
2024-01;SIR-CRANK;9
2024-02;SIR-CRANK;9
2024-03;SIR-CRANK;9
2024-04;SIR-CRANK;9
2024-05;SIR-CRANK;9
2024-06;SIR-CRANK;9
2024-07;SIR-CRANK;9
2024-08;SIR-CRANK;9
2024-09;SIR-CRANK;9
2024-10;SIR-CRANK;9
2024-11;SIR-CRANK;9
2024-12;SIR-CRANK;9
2025-01;SIR-CRANK;9
2025-02;SIR-CRANK;9
2025-03;SIR-CRANK;9
2025-04;SIR-CRANK;9
2025-05;SIR-CRANK;9
2025-06;SIR-CRANK;9
2025-07;SIR-CRANK;9
2025-08;SIR-CRANK;9
2025-09;SIR-CRANK;9
2025-10;SIR-CRANK;9
2025-11;SIR-CRANK;9
2025-12;SIR-CRANK;9
2020-01;JAB-KIT-SRV;9
2020-02;JAB-KIT-SRV;9
2020-03;JAB-KIT-SRV;9
2020-04;JAB-KIT-SRV;9
2020-05;JAB-KIT-SRV;9
2020-06;JAB-KIT-SRV;9
2020-07;JAB-KIT-SRV;9
2020-08;JAB-KIT-SRV;9
2020-09;JAB-KIT-SRV;9
2020-10;JAB-KIT-SRV;9
2020-11;JAB-KIT-SRV;9
2020-12;JAB-KIT-SRV;9
2021-01;JAB-KIT-SRV;9
2021-02;JAB-KIT-SRV;9
2021-03;JAB-KIT-SRV;9
2021-04;JAB-KIT-SRV;9
2021-05;JAB-KIT-SRV;9
2021-06;JAB-KIT-SRV;9
2021-07;JAB-KIT-SRV;9
2021-08;JAB-KIT-SRV;9
2021-09;JAB-KIT-SRV;9
2021-10;JAB-KIT-SRV;9
2021-11;JAB-KIT-SRV;9
2021-12;JAB-KIT-SRV;9
2022-01;JAB-KIT-SRV;9
2022-02;JAB-KIT-SRV;9
2022-03;JAB-KIT-SRV;9
2022-04;JAB-KIT-SRV;9
2022-05;JAB-KIT-SRV;9
2022-06;JAB-KIT-SRV;9
2022-07;JAB-KIT-SRV;9
2022-08;JAB-KIT-SRV;9
2022-09;JAB-KIT-SRV;9
2022-10;JAB-KIT-SRV;9
2022-11;JAB-KIT-SRV;9
2022-12;JAB-KIT-SRV;9
2023-01;JAB-KIT-SRV;10
2023-02;JAB-KIT-SRV;9
2023-03;JAB-KIT-SRV;10
2023-04;JAB-KIT-SRV;10
2023-05;JAB-KIT-SRV;10
2023-06;JAB-KIT-SRV;10
2023-07;JAB-KIT-SRV;10
2023-08;JAB-KIT-SRV;10
2023-09;JAB-KIT-SRV;9
2023-10;JAB-KIT-SRV;10
2023-11;JAB-KIT-SRV;10
2023-12;JAB-KIT-SRV;9
2024-01;JAB-KIT-SRV;10
2024-02;JAB-KIT-SRV;10
2024-03;JAB-KIT-SRV;10
2024-04;JAB-KIT-SRV;10
2024-05;JAB-KIT-SRV;10
2024-06;JAB-KIT-SRV;10
2024-07;JAB-KIT-SRV;10
2024-08;JAB-KIT-SRV;10
2024-09;JAB-KIT-SRV;10
2024-10;JAB-KIT-SRV;10
2024-11;JAB-KIT-SRV;10
2024-12;JAB-KIT-SRV;10
2025-01;JAB-KIT-SRV;10
2025-02;JAB-KIT-SRV;10
2025-03;JAB-KIT-SRV;10
2025-04;JAB-KIT-SRV;10
2025-05;JAB-KIT-SRV;10
2025-06;JAB-KIT-SRV;10
2025-07;JAB-KIT-SRV;10
2025-08;JAB-KIT-SRV;10
2025-09;JAB-KIT-SRV;10
2025-10;JAB-KIT-SRV;10
2025-11;JAB-KIT-SRV;10
2025-12;JAB-KIT-SRV;10
2020-01;MRC-ANODE-KT;18
2020-02;MRC-ANODE-KT;18
2020-03;MRC-ANODE-KT;18
2020-04;MRC-ANODE-KT;18
2020-05;MRC-ANODE-KT;18
2020-06;MRC-ANODE-KT;18
2020-07;MRC-ANODE-KT;18
2020-08;MRC-ANODE-KT;18
2020-09;MRC-ANODE-KT;18
2020-10;MRC-ANODE-KT;18
2020-11;MRC-ANODE-KT;18
2020-12;MRC-ANODE-KT;18
2021-01;MRC-ANODE-KT;18
2021-02;MRC-ANODE-KT;18
2021-03;MRC-ANODE-KT;18
2021-04;MRC-ANODE-KT;18
2021-05;MRC-ANODE-KT;18
2021-06;MRC-ANODE-KT;19
2021-07;MRC-ANODE-KT;18
2021-08;MRC-ANODE-KT;18
2021-09;MRC-ANODE-KT;18
2021-10;MRC-ANODE-KT;18
2021-11;MRC-ANODE-KT;18
2021-12;MRC-ANODE-KT;18
2022-01;MRC-ANODE-KT;19
2022-02;MRC-ANODE-KT;19
2022-03;MRC-ANODE-KT;19
2022-04;MRC-ANODE-KT;19
2022-05;MRC-ANODE-KT;19
2022-06;MRC-ANODE-KT;19
2022-07;MRC-ANODE-KT;19
2022-08;MRC-ANODE-KT;19
2022-09;MRC-ANODE-KT;19
2022-10;MRC-ANODE-KT;19
2022-11;MRC-ANODE-KT;19
2022-12;MRC-ANODE-KT;19
2023-01;MRC-ANODE-KT;19
2023-02;MRC-ANODE-KT;19
2023-03;MRC-ANODE-KT;19
2023-04;MRC-ANODE-KT;19
2023-05;MRC-ANODE-KT;19
2023-06;MRC-ANODE-KT;19
2023-07;MRC-ANODE-KT;19
2023-08;MRC-ANODE-KT;19
2023-09;MRC-ANODE-KT;19
2023-10;MRC-ANODE-KT;19
2023-11;MRC-ANODE-KT;19
2023-12;MRC-ANODE-KT;19
2024-01;MRC-ANODE-KT;20
2024-02;MRC-ANODE-KT;19
2024-03;MRC-ANODE-KT;19
2024-04;MRC-ANODE-KT;20
2024-05;MRC-ANODE-KT;19
2024-06;MRC-ANODE-KT;19
2024-07;MRC-ANODE-KT;19
2024-08;MRC-ANODE-KT;20
2024-09;MRC-ANODE-KT;19
2024-10;MRC-ANODE-KT;19
2024-11;MRC-ANODE-KT;20
2024-12;MRC-ANODE-KT;19
2025-01;MRC-ANODE-KT;20
2025-02;MRC-ANODE-KT;20
2025-03;MRC-ANODE-KT;20
2025-04;MRC-ANODE-KT;20
2025-05;MRC-ANODE-KT;20
2025-06;MRC-ANODE-KT;20
2025-07;MRC-ANODE-KT;20
2025-08;MRC-ANODE-KT;20
2025-09;MRC-ANODE-KT;20
2025-10;MRC-ANODE-KT;20
2025-11;MRC-ANODE-KT;20
2025-12;MRC-ANODE-KT;20
2020-01;SIR-BELT-KT;12
2020-02;SIR-BELT-KT;12
2020-03;SIR-BELT-KT;12
2020-04;SIR-BELT-KT;12
2020-05;SIR-BELT-KT;12
2020-06;SIR-BELT-KT;12
2020-07;SIR-BELT-KT;12
2020-08;SIR-BELT-KT;12
2020-09;SIR-BELT-KT;12
2020-10;SIR-BELT-KT;12
2020-11;SIR-BELT-KT;12
2020-12;SIR-BELT-KT;12
2021-01;SIR-BELT-KT;12
2021-02;SIR-BELT-KT;12
2021-03;SIR-BELT-KT;12
2021-04;SIR-BELT-KT;12
2021-05;SIR-BELT-KT;12
2021-06;SIR-BELT-KT;12
2021-07;SIR-BELT-KT;12
2021-08;SIR-BELT-KT;12
2021-09;SIR-BELT-KT;12
2021-10;SIR-BELT-KT;12
2021-11;SIR-BELT-KT;12
2021-12;SIR-BELT-KT;12
2022-01;SIR-BELT-KT;13
2022-02;SIR-BELT-KT;12
2022-03;SIR-BELT-KT;12
2022-04;SIR-BELT-KT;13
2022-05;SIR-BELT-KT;12
2022-06;SIR-BELT-KT;12
2022-07;SIR-BELT-KT;13
2022-08;SIR-BELT-KT;12
2022-09;SIR-BELT-KT;12
2022-10;SIR-BELT-KT;13
2022-11;SIR-BELT-KT;12
2022-12;SIR-BELT-KT;12
2023-01;SIR-BELT-KT;13
2023-02;SIR-BELT-KT;13
2023-03;SIR-BELT-KT;13
2023-04;SIR-BELT-KT;13
2023-05;SIR-BELT-KT;13
2023-06;SIR-BELT-KT;13
2023-07;SIR-BELT-KT;13
2023-08;SIR-BELT-KT;13
2023-09;SIR-BELT-KT;13
2023-10;SIR-BELT-KT;13
2023-11;SIR-BELT-KT;13
2023-12;SIR-BELT-KT;13
2024-01;SIR-BELT-KT;13
2024-02;SIR-BELT-KT;13
2024-03;SIR-BELT-KT;13
2024-04;SIR-BELT-KT;13
2024-05;SIR-BELT-KT;13
2024-06;SIR-BELT-KT;13
2024-07;SIR-BELT-KT;13
2024-08;SIR-BELT-KT;13
2024-09;SIR-BELT-KT;13
2024-10;SIR-BELT-KT;13
2024-11;SIR-BELT-KT;13
2024-12;SIR-BELT-KT;13
2025-01;SIR-BELT-KT;13
2025-02;SIR-BELT-KT;13
2025-03;SIR-BELT-KT;13
2025-04;SIR-BELT-KT;13
2025-05;SIR-BELT-KT;13
2025-06;SIR-BELT-KT;13
2025-07;SIR-BELT-KT;13
2025-08;SIR-BELT-KT;13
2025-09;SIR-BELT-KT;13
2025-10;SIR-BELT-KT;13
2025-11;SIR-BELT-KT;13
2025-12;SIR-BELT-KT;13
2020-01;MRC-IMPKIT;15
2020-02;MRC-IMPKIT;15
2020-03;MRC-IMPKIT;15
2020-04;MRC-IMPKIT;15
2020-05;MRC-IMPKIT;15
2020-06;MRC-IMPKIT;15
2020-07;MRC-IMPKIT;15
2020-08;MRC-IMPKIT;15
2020-09;MRC-IMPKIT;15
2020-10;MRC-IMPKIT;15
2020-11;MRC-IMPKIT;15
2020-12;MRC-IMPKIT;15
2021-01;MRC-IMPKIT;15
2021-02;MRC-IMPKIT;15
2021-03;MRC-IMPKIT;15
2021-04;MRC-IMPKIT;15
2021-05;MRC-IMPKIT;15
2021-06;MRC-IMPKIT;15
2021-07;MRC-IMPKIT;15
2021-08;MRC-IMPKIT;15
2021-09;MRC-IMPKIT;15
2021-10;MRC-IMPKIT;15
2021-11;MRC-IMPKIT;15
2021-12;MRC-IMPKIT;15
2022-01;MRC-IMPKIT;16
2022-02;MRC-IMPKIT;16
2022-03;MRC-IMPKIT;15
2022-04;MRC-IMPKIT;16
2022-05;MRC-IMPKIT;16
2022-06;MRC-IMPKIT;15
2022-07;MRC-IMPKIT;16
2022-08;MRC-IMPKIT;16
2022-09;MRC-IMPKIT;16
2022-10;MRC-IMPKIT;16
2022-11;MRC-IMPKIT;16
2022-12;MRC-IMPKIT;16
2023-01;MRC-IMPKIT;16
2023-02;MRC-IMPKIT;16
2023-03;MRC-IMPKIT;16
2023-04;MRC-IMPKIT;16
2023-05;MRC-IMPKIT;16
2023-06;MRC-IMPKIT;16
2023-07;MRC-IMPKIT;16
2023-08;MRC-IMPKIT;16
2023-09;MRC-IMPKIT;16
2023-10;MRC-IMPKIT;16
2023-11;MRC-IMPKIT;16
2023-12;MRC-IMPKIT;16
2024-01;MRC-IMPKIT;16
2024-02;MRC-IMPKIT;16
2024-03;MRC-IMPKIT;16
2024-04;MRC-IMPKIT;16
2024-05;MRC-IMPKIT;16
2024-06;MRC-IMPKIT;16
2024-07;MRC-IMPKIT;16
2024-08;MRC-IMPKIT;16
2024-09;MRC-IMPKIT;16
2024-10;MRC-IMPKIT;16
2024-11;MRC-IMPKIT;16
2024-12;MRC-IMPKIT;16
2025-01;MRC-IMPKIT;17
2025-02;MRC-IMPKIT;16
2025-03;MRC-IMPKIT;16
2025-04;MRC-IMPKIT;17
2025-05;MRC-IMPKIT;16
2025-06;MRC-IMPKIT;16
2025-07;MRC-IMPKIT;17
2025-08;MRC-IMPKIT;16
2025-09;MRC-IMPKIT;16
2025-10;MRC-IMPKIT;17
2025-11;MRC-IMPKIT;17
2025-12;MRC-IMPKIT;16
2020-01;SIR-TSTAT-KT;12
2020-02;SIR-TSTAT-KT;12
2020-03;SIR-TSTAT-KT;12
2020-04;SIR-TSTAT-KT;12
2020-05;SIR-TSTAT-KT;12
2020-06;SIR-TSTAT-KT;12
2020-07;SIR-TSTAT-KT;12
2020-08;SIR-TSTAT-KT;12
2020-09;SIR-TSTAT-KT;12
2020-10;SIR-TSTAT-KT;12
2020-11;SIR-TSTAT-KT;12
2020-12;SIR-TSTAT-KT;12
2021-01;SIR-TSTAT-KT;12
2021-02;SIR-TSTAT-KT;12
2021-03;SIR-TSTAT-KT;12
2021-04;SIR-TSTAT-KT;12
2021-05;SIR-TSTAT-KT;12
2021-06;SIR-TSTAT-KT;12
2021-07;SIR-TSTAT-KT;12
2021-08;SIR-TSTAT-KT;12
2021-09;SIR-TSTAT-KT;12
2021-10;SIR-TSTAT-KT;12
2021-11;SIR-TSTAT-KT;12
2021-12;SIR-TSTAT-KT;12
2022-01;SIR-TSTAT-KT;12
2022-02;SIR-TSTAT-KT;12
2022-03;SIR-TSTAT-KT;13
2022-04;SIR-TSTAT-KT;12
2022-05;SIR-TSTAT-KT;12
2022-06;SIR-TSTAT-KT;13
2022-07;SIR-TSTAT-KT;12
2022-08;SIR-TSTAT-KT;12
2022-09;SIR-TSTAT-KT;13
2022-10;SIR-TSTAT-KT;12
2022-11;SIR-TSTAT-KT;12
2022-12;SIR-TSTAT-KT;13
2023-01;SIR-TSTAT-KT;13
2023-02;SIR-TSTAT-KT;13
2023-03;SIR-TSTAT-KT;13
2023-04;SIR-TSTAT-KT;13
2023-05;SIR-TSTAT-KT;13
2023-06;SIR-TSTAT-KT;13
2023-07;SIR-TSTAT-KT;13
2023-08;SIR-TSTAT-KT;13
2023-09;SIR-TSTAT-KT;13
2023-10;SIR-TSTAT-KT;13
2023-11;SIR-TSTAT-KT;13
2023-12;SIR-TSTAT-KT;13
2024-01;SIR-TSTAT-KT;13
2024-02;SIR-TSTAT-KT;13
2024-03;SIR-TSTAT-KT;13
2024-04;SIR-TSTAT-KT;13
2024-05;SIR-TSTAT-KT;13
2024-06;SIR-TSTAT-KT;13
2024-07;SIR-TSTAT-KT;13
2024-08;SIR-TSTAT-KT;13
2024-09;SIR-TSTAT-KT;13
2024-10;SIR-TSTAT-KT;13
2024-11;SIR-TSTAT-KT;13
2024-12;SIR-TSTAT-KT;13
2025-01;SIR-TSTAT-KT;13
2025-02;SIR-TSTAT-KT;13
2025-03;SIR-TSTAT-KT;13
2025-04;SIR-TSTAT-KT;13
2025-05;SIR-TSTAT-KT;13
2025-06;SIR-TSTAT-KT;13
2025-07;SIR-TSTAT-KT;13
2025-08;SIR-TSTAT-KT;13
2025-09;SIR-TSTAT-KT;13
2025-10;SIR-TSTAT-KT;13
2025-11;SIR-TSTAT-KT;13
2025-12;SIR-TSTAT-KT;13
