fecha;cod_producto;unidades;precio_real
2020-01;MRC-4T-1L;19;11.20
2020-02;MRC-4T-1L;18;11.20
2020-03;MRC-4T-1L;23;11.20
2020-04;MRC-4T-1L;23;11.20
2020-05;MRC-4T-1L;25;11.20
2020-06;MRC-4T-1L;28;11.20
2020-07;MRC-4T-1L;25;11.20
2020-08;MRC-4T-1L;25;11.20
2020-09;MRC-4T-1L;24;11.20
2020-10;MRC-4T-1L;21;11.20
2020-11;MRC-4T-1L;19;11.20
2020-12;MRC-4T-1L;19;11.20
2021-01;MRC-4T-1L;23;11.36
2021-02;MRC-4T-1L;22;11.36
2021-03;MRC-4T-1L;24;11.36
2021-04;MRC-4T-1L;27;11.36
2021-05;MRC-4T-1L;31;11.36
2021-06;MRC-4T-1L;34;11.36
2021-07;MRC-4T-1L;30;11.36
2021-08;MRC-4T-1L;30;11.36
2021-09;MRC-4T-1L;29;11.36
2021-10;MRC-4T-1L;25;11.36
2021-11;MRC-4T-1L;23;11.36
2021-12;MRC-4T-1L;22;11.36
2022-01;MRC-4T-1L;27;11.51
2022-02;MRC-4T-1L;27;11.51
2022-03;MRC-4T-1L;29;11.51
2022-04;MRC-4T-1L;33;11.51
2022-05;MRC-4T-1L;37;11.51
2022-06;MRC-4T-1L;35;11.51
2022-07;MRC-4T-1L;36;11.51
2022-08;MRC-4T-1L;36;11.51
2022-09;MRC-4T-1L;30;11.51
2022-10;MRC-4T-1L;30;11.51
2022-11;MRC-4T-1L;28;11.51
2022-12;MRC-4T-1L;27;11.51
2023-01;MRC-4T-1L;33;11.67
2023-02;MRC-4T-1L;27;11.67
2023-03;MRC-4T-1L;34;11.67
2023-04;MRC-4T-1L;40;11.67
2023-05;MRC-4T-1L;44;11.67
2023-06;MRC-4T-1L;42;11.67
2023-07;MRC-4T-1L;43;11.67
2023-08;MRC-4T-1L;43;11.67
2023-09;MRC-4T-1L;36;11.67
2023-10;MRC-4T-1L;36;11.67
2023-11;MRC-4T-1L;33;11.67
2023-12;MRC-4T-1L;28;11.67
2024-01;MRC-4T-1L;39;11.83
2024-02;MRC-4T-1L;33;11.83
2024-03;MRC-4T-1L;41;11.83
2024-04;MRC-4T-1L;48;11.83
2024-05;MRC-4T-1L;46;11.83
2024-06;MRC-4T-1L;51;11.83
2024-07;MRC-4T-1L;52;11.83
2024-08;MRC-4T-1L;51;11.83
2024-09;MRC-4T-1L;44;11.83
2024-10;MRC-4T-1L;43;11.83
2024-11;MRC-4T-1L;40;11.83
2024-12;MRC-4T-1L;34;11.83
2025-01;MRC-4T-1L;47;11.98
2025-02;MRC-4T-1L;40;11.98
2025-03;MRC-4T-1L;50;11.98
2025-04;MRC-4T-1L;58;11.98
2025-05;MRC-4T-1L;55;11.98
2025-06;MRC-4T-1L;61;11.98
2025-07;MRC-4T-1L;62;11.98
2025-08;MRC-4T-1L;53;11.98
2025-09;MRC-4T-1L;53;11.98
2025-10;MRC-4T-1L;52;11.98
2025-11;MRC-4T-1L;41;11.98
2025-12;MRC-4T-1L;40;11.98
2020-01;MRC-4T-4L;7;39.00
2020-02;MRC-4T-4L;7;39.00
2020-03;MRC-4T-4L;7;39.00
2020-04;MRC-4T-4L;9;39.00
2020-05;MRC-4T-4L;10;39.00
2020-06;MRC-4T-4L;9;39.00
2020-07;MRC-4T-4L;9;39.00
2020-08;MRC-4T-4L;9;39.00
2020-09;MRC-4T-4L;9;39.00
2020-10;MRC-4T-4L;8;39.00
2020-11;MRC-4T-4L;7;39.00
2020-12;MRC-4T-4L;7;39.00
2021-01;MRC-4T-4L;8;39.55
2021-02;MRC-4T-4L;8;39.55
2021-03;MRC-4T-4L;9;39.55
2021-04;MRC-4T-4L;10;39.55
2021-05;MRC-4T-4L;11;39.55
2021-06;MRC-4T-4L;11;39.55
2021-07;MRC-4T-4L;11;39.55
2021-08;MRC-4T-4L;11;39.55
2021-09;MRC-4T-4L;9;39.55
2021-10;MRC-4T-4L;9;39.55
2021-11;MRC-4T-4L;8;39.55
2021-12;MRC-4T-4L;7;39.55
2022-01;MRC-4T-4L;10;40.09
2022-02;MRC-4T-4L;8;40.09
2022-03;MRC-4T-4L;10;40.09
2022-04;MRC-4T-4L;12;40.09
2022-05;MRC-4T-4L;11;40.09
2022-06;MRC-4T-4L;13;40.09
2022-07;MRC-4T-4L;13;40.09
2022-08;MRC-4T-4L;13;40.09
2022-09;MRC-4T-4L;11;40.09
2022-10;MRC-4T-4L;11;40.09
2022-11;MRC-4T-4L;10;40.09
2022-12;MRC-4T-4L;8;40.09
2023-01;MRC-4T-4L;11;40.64
2023-02;MRC-4T-4L;10;40.64
2023-03;MRC-4T-4L;12;40.64
2023-04;MRC-4T-4L;14;40.64
2023-05;MRC-4T-4L;13;40.64
2023-06;MRC-4T-4L;15;40.64
2023-07;MRC-4T-4L;15;40.64
2023-08;MRC-4T-4L;13;40.64
2023-09;MRC-4T-4L;13;40.64
2023-10;MRC-4T-4L;13;40.64
2023-11;MRC-4T-4L;10;40.64
2023-12;MRC-4T-4L;10;40.64
2024-01;MRC-4T-4L;11;41.18
2024-02;MRC-4T-4L;11;41.18
2024-03;MRC-4T-4L;14;41.18
2024-04;MRC-4T-4L;16;41.18
2024-05;MRC-4T-4L;16;41.18
2024-06;MRC-4T-4L;17;41.18
2024-07;MRC-4T-4L;18;41.18
2024-08;MRC-4T-4L;15;41.18
2024-09;MRC-4T-4L;15;41.18
2024-10;MRC-4T-4L;15;41.18
2024-11;MRC-4T-4L;12;41.18
2024-12;MRC-4T-4L;11;41.18
2025-01;MRC-4T-4L;13;41.73
2025-02;MRC-4T-4L;13;41.73
2025-03;MRC-4T-4L;16;41.73
2025-04;MRC-4T-4L;16;41.73
2025-05;MRC-4T-4L;18;41.73
2025-06;MRC-4T-4L;20;41.73
2025-07;MRC-4T-4L;18;41.73
2025-08;MRC-4T-4L;18;41.73
2025-09;MRC-4T-4L;17;41.73
2025-10;MRC-4T-4L;17;41.73
2025-11;MRC-4T-4L;14;41.73
2025-12;MRC-4T-4L;13;41.73
2020-01;MRC-4T-25L;2;225.00
2020-02;MRC-4T-25L;2;225.00
2020-03;MRC-4T-25L;2;225.00
2020-04;MRC-4T-25L;2;225.00
2020-05;MRC-4T-25L;2;225.00
2020-06;MRC-4T-25L;2;225.00
2020-07;MRC-4T-25L;3;225.00
2020-08;MRC-4T-25L;2;225.00
2020-09;MRC-4T-25L;2;225.00
2020-10;MRC-4T-25L;2;225.00
2020-11;MRC-4T-25L;2;225.00
2020-12;MRC-4T-25L;2;225.00
2021-01;MRC-4T-25L;2;228.15
2021-02;MRC-4T-25L;2;228.15
2021-03;MRC-4T-25L;2;228.15
2021-04;MRC-4T-25L;2;228.15
2021-05;MRC-4T-25L;3;228.15
2021-06;MRC-4T-25L;3;228.15
2021-07;MRC-4T-25L;2;228.15
2021-08;MRC-4T-25L;2;228.15
2021-09;MRC-4T-25L;2;228.15
2021-10;MRC-4T-25L;2;228.15
2021-11;MRC-4T-25L;2;228.15
2021-12;MRC-4T-25L;2;228.15
2022-01;MRC-4T-25L;2;231.30
2022-02;MRC-4T-25L;2;231.30
2022-03;MRC-4T-25L;3;231.30
2022-04;MRC-4T-25L;3;231.30
2022-05;MRC-4T-25L;3;231.30
2022-06;MRC-4T-25L;3;231.30
2022-07;MRC-4T-25L;3;231.30
2022-08;MRC-4T-25L;3;231.30
2022-09;MRC-4T-25L;3;231.30
2022-10;MRC-4T-25L;2;231.30
2022-11;MRC-4T-25L;2;231.30
2022-12;MRC-4T-25L;2;231.30
2023-01;MRC-4T-25L;2;234.45
2023-02;MRC-4T-25L;2;234.45
2023-03;MRC-4T-25L;2;234.45
2023-04;MRC-4T-25L;3;234.45
2023-05;MRC-4T-25L;3;234.45
2023-06;MRC-4T-25L;3;234.45
2023-07;MRC-4T-25L;3;234.45
2023-08;MRC-4T-25L;3;234.45
2023-09;MRC-4T-25L;3;234.45
2023-10;MRC-4T-25L;3;234.45
2023-11;MRC-4T-25L;2;234.45
2023-12;MRC-4T-25L;2;234.45
2024-01;MRC-4T-25L;3;237.60
2024-02;MRC-4T-25L;3;237.60
2024-03;MRC-4T-25L;3;237.60
2024-04;MRC-4T-25L;3;237.60
2024-05;MRC-4T-25L;4;237.60
2024-06;MRC-4T-25L;3;237.60
2024-07;MRC-4T-25L;3;237.60
2024-08;MRC-4T-25L;3;237.60
2024-09;MRC-4T-25L;3;237.60
2024-10;MRC-4T-25L;3;237.60
2024-11;MRC-4T-25L;3;237.60
2024-12;MRC-4T-25L;2;237.60
2025-01;MRC-4T-25L;3;240.75
2025-02;MRC-4T-25L;2;240.75
2025-03;MRC-4T-25L;3;240.75
2025-04;MRC-4T-25L;4;240.75
2025-05;MRC-4T-25L;4;240.75
2025-06;MRC-4T-25L;4;240.75
2025-07;MRC-4T-25L;4;240.75
2025-08;MRC-4T-25L;4;240.75
2025-09;MRC-4T-25L;3;240.75
2025-10;MRC-4T-25L;3;240.75
2025-11;MRC-4T-25L;3;240.75
2025-12;MRC-4T-25L;2;240.75
2020-01;MRC-2T-1L;8;9.80
2020-02;MRC-2T-1L;8;9.80
2020-03;MRC-2T-1L;12;9.80
2020-04;MRC-2T-1L;14;9.80
2020-05;MRC-2T-1L;19;9.80
2020-06;MRC-2T-1L;25;9.80
2020-07;MRC-2T-1L;24;9.80
2020-08;MRC-2T-1L;23;9.80
2020-09;MRC-2T-1L;18;9.80
2020-10;MRC-2T-1L;13;9.80
2020-11;MRC-2T-1L;9;9.80
2020-12;MRC-2T-1L;8;9.80
2021-01;MRC-2T-1L;8;9.94
2021-02;MRC-2T-1L;8;9.94
2021-03;MRC-2T-1L;13;9.94
2021-04;MRC-2T-1L;15;9.94
2021-05;MRC-2T-1L;21;9.94
2021-06;MRC-2T-1L;27;9.94
2021-07;MRC-2T-1L;25;9.94
2021-08;MRC-2T-1L;25;9.94
2021-09;MRC-2T-1L;19;9.94
2021-10;MRC-2T-1L;12;9.94
2021-11;MRC-2T-1L;9;9.94
2021-12;MRC-2T-1L;8;9.94
2022-01;MRC-2T-1L;9;10.07
2022-02;MRC-2T-1L;9;10.07
2022-03;MRC-2T-1L;12;10.07
2022-04;MRC-2T-1L;16;10.07
2022-05;MRC-2T-1L;22;10.07
2022-06;MRC-2T-1L;28;10.07
2022-07;MRC-2T-1L;27;10.07
2022-08;MRC-2T-1L;26;10.07
2022-09;MRC-2T-1L;20;10.07
2022-10;MRC-2T-1L;13;10.07
2022-11;MRC-2T-1L;10;10.07
2022-12;MRC-2T-1L;9;10.07
2023-01;MRC-2T-1L;9;10.21
2023-02;MRC-2T-1L;9;10.21
2023-03;MRC-2T-1L;12;10.21
2023-04;MRC-2T-1L;17;10.21
2023-05;MRC-2T-1L;23;10.21
2023-06;MRC-2T-1L;26;10.21
2023-07;MRC-2T-1L;29;10.21
2023-08;MRC-2T-1L;28;10.21
2023-09;MRC-2T-1L;18;10.21
2023-10;MRC-2T-1L;13;10.21
2023-11;MRC-2T-1L;10;10.21
2023-12;MRC-2T-1L;9;10.21
2024-01;MRC-2T-1L;10;10.35
2024-02;MRC-2T-1L;10;10.35
2024-03;MRC-2T-1L;13;10.35
2024-04;MRC-2T-1L;18;10.35
2024-05;MRC-2T-1L;25;10.35
2024-06;MRC-2T-1L;27;10.35
2024-07;MRC-2T-1L;30;10.35
2024-08;MRC-2T-1L;30;10.35
2024-09;MRC-2T-1L;20;10.35
2024-10;MRC-2T-1L;14;10.35
2024-11;MRC-2T-1L;11;10.35
2024-12;MRC-2T-1L;9;10.35
2025-01;MRC-2T-1L;11;10.49
2025-02;MRC-2T-1L;9;10.49
2025-03;MRC-2T-1L;14;10.49
2025-04;MRC-2T-1L;19;10.49
2025-05;MRC-2T-1L;22;10.49
2025-06;MRC-2T-1L;29;10.49
2025-07;MRC-2T-1L;32;10.49
2025-08;MRC-2T-1L;31;10.49
2025-09;MRC-2T-1L;21;10.49
2025-10;MRC-2T-1L;15;10.49
2025-11;MRC-2T-1L;12;10.49
2025-12;MRC-2T-1L;9;10.49
2020-01;QSV-HPS-1L;7;14.90
2020-02;QSV-HPS-1L;5;14.90
2020-03;QSV-HPS-1L;7;14.90
2020-04;QSV-HPS-1L;8;14.90
2020-05;QSV-HPS-1L;8;14.90
2020-06;QSV-HPS-1L;8;14.90
2020-07;QSV-HPS-1L;9;14.90
2020-08;QSV-HPS-1L;7;14.90
2020-09;QSV-HPS-1L;7;14.90
2020-10;QSV-HPS-1L;7;14.90
2020-11;QSV-HPS-1L;6;14.90
2020-12;QSV-HPS-1L;6;14.90
2021-01;QSV-HPS-1L;6;15.11
2021-02;QSV-HPS-1L;6;15.11
2021-03;QSV-HPS-1L;7;15.11
2021-04;QSV-HPS-1L;9;15.11
2021-05;QSV-HPS-1L;8;15.11
2021-06;QSV-HPS-1L;9;15.11
2021-07;QSV-HPS-1L;9;15.11
2021-08;QSV-HPS-1L;8;15.11
2021-09;QSV-HPS-1L;8;15.11
2021-10;QSV-HPS-1L;8;15.11
2021-11;QSV-HPS-1L;6;15.11
2021-12;QSV-HPS-1L;6;15.11
2022-01;QSV-HPS-1L;7;15.32
2022-02;QSV-HPS-1L;6;15.32
2022-03;QSV-HPS-1L;8;15.32
2022-04;QSV-HPS-1L;8;15.32
2022-05;QSV-HPS-1L;9;15.32
2022-06;QSV-HPS-1L;10;15.32
2022-07;QSV-HPS-1L;9;15.32
2022-08;QSV-HPS-1L;9;15.32
2022-09;QSV-HPS-1L;9;15.32
2022-10;QSV-HPS-1L;8;15.32
2022-11;QSV-HPS-1L;7;15.32
2022-12;QSV-HPS-1L;7;15.32
2023-01;QSV-HPS-1L;7;15.53
2023-02;QSV-HPS-1L;7;15.53
2023-03;QSV-HPS-1L;9;15.53
2023-04;QSV-HPS-1L;9;15.53
2023-05;QSV-HPS-1L;10;15.53
2023-06;QSV-HPS-1L;11;15.53
2023-07;QSV-HPS-1L;9;15.53
2023-08;QSV-HPS-1L;9;15.53
2023-09;QSV-HPS-1L;9;15.53
2023-10;QSV-HPS-1L;8;15.53
2023-11;QSV-HPS-1L;7;15.53
2023-12;QSV-HPS-1L;7;15.53
2024-01;QSV-HPS-1L;8;15.73
2024-02;QSV-HPS-1L;8;15.73
2024-03;QSV-HPS-1L;8;15.73
2024-04;QSV-HPS-1L;9;15.73
2024-05;QSV-HPS-1L;10;15.73
2024-06;QSV-HPS-1L;12;15.73
2024-07;QSV-HPS-1L;10;15.73
2024-08;QSV-HPS-1L;10;15.73
2024-09;QSV-HPS-1L;10;15.73
2024-10;QSV-HPS-1L;8;15.73
2024-11;QSV-HPS-1L;8;15.73
2024-12;QSV-HPS-1L;8;15.73
2025-01;QSV-HPS-1L;8;15.94
2025-02;QSV-HPS-1L;8;15.94
2025-03;QSV-HPS-1L;9;15.94
2025-04;QSV-HPS-1L;10;15.94
2025-05;QSV-HPS-1L;11;15.94
2025-06;QSV-HPS-1L;11;15.94
2025-07;QSV-HPS-1L;11;15.94
2025-08;QSV-HPS-1L;11;15.94
2025-09;QSV-HPS-1L;9;15.94
2025-10;QSV-HPS-1L;9;15.94
2025-11;QSV-HPS-1L;8;15.94
2025-12;QSV-HPS-1L;8;15.94
2020-01;QSV-PST-200;5;7.50
2020-02;QSV-PST-200;5;7.50
2020-03;QSV-PST-200;5;7.50
2020-04;QSV-PST-200;5;7.50
2020-05;QSV-PST-200;5;7.50
2020-06;QSV-PST-200;5;7.50
2020-07;QSV-PST-200;5;7.50
2020-08;QSV-PST-200;5;7.50
2020-09;QSV-PST-200;5;7.50
2020-10;QSV-PST-200;5;7.50
2020-11;QSV-PST-200;5;7.50
2020-12;QSV-PST-200;5;7.50
2021-01;QSV-PST-200;5;7.61
2021-02;QSV-PST-200;5;7.61
2021-03;QSV-PST-200;6;7.61
2021-04;QSV-PST-200;5;7.61
2021-05;QSV-PST-200;5;7.61
2021-06;QSV-PST-200;6;7.61
2021-07;QSV-PST-200;5;7.61
2021-08;QSV-PST-200;5;7.61
2021-09;QSV-PST-200;6;7.61
2021-10;QSV-PST-200;5;7.61
2021-11;QSV-PST-200;5;7.61
2021-12;QSV-PST-200;5;7.61
2022-01;QSV-PST-200;5;7.71
2022-02;QSV-PST-200;6;7.71
2022-03;QSV-PST-200;5;7.71
2022-04;QSV-PST-200;5;7.71
2022-05;QSV-PST-200;6;7.71
2022-06;QSV-PST-200;5;7.71
2022-07;QSV-PST-200;5;7.71
2022-08;QSV-PST-200;6;7.71
2022-09;QSV-PST-200;6;7.71
2022-10;QSV-PST-200;5;7.71
2022-11;QSV-PST-200;6;7.71
2022-12;QSV-PST-200;6;7.71
2023-01;QSV-PST-200;6;7.82
2023-02;QSV-PST-200;6;7.82
2023-03;QSV-PST-200;6;7.82
2023-04;QSV-PST-200;6;7.82
2023-05;QSV-PST-200;6;7.82
2023-06;QSV-PST-200;5;7.82
2023-07;QSV-PST-200;6;7.82
2023-08;QSV-PST-200;6;7.82
2023-09;QSV-PST-200;5;7.82
2023-10;QSV-PST-200;6;7.82
2023-11;QSV-PST-200;6;7.82
2023-12;QSV-PST-200;5;7.82
2024-01;QSV-PST-200;6;7.92
2024-02;QSV-PST-200;6;7.92
2024-03;QSV-PST-200;6;7.92
2024-04;QSV-PST-200;6;7.92
2024-05;QSV-PST-200;7;7.92
2024-06;QSV-PST-200;6;7.92
2024-07;QSV-PST-200;6;7.92
2024-08;QSV-PST-200;6;7.92
2024-09;QSV-PST-200;6;7.92
2024-10;QSV-PST-200;6;7.92
2024-11;QSV-PST-200;6;7.92
2024-12;QSV-PST-200;6;7.92
2025-01;QSV-PST-200;7;8.03
2025-02;QSV-PST-200;6;8.03
2025-03;QSV-PST-200;6;8.03
2025-04;QSV-PST-200;7;8.03
2025-05;QSV-PST-200;6;8.03
2025-06;QSV-PST-200;6;8.03
2025-07;QSV-PST-200;7;8.03
2025-08;QSV-PST-200;6;8.03
2025-09;QSV-PST-200;6;8.03
2025-10;QSV-PST-200;7;8.03
2025-11;QSV-PST-200;7;8.03
2025-12;QSV-PST-200;6;8.03
2020-01;QSV-ANF-1L;9;6.80
2020-02;QSV-ANF-1L;9;6.80
2020-03;QSV-ANF-1L;10;6.80
2020-04;QSV-ANF-1L;9;6.80
2020-05;QSV-ANF-1L;9;6.80
2020-06;QSV-ANF-1L;10;6.80
2020-07;QSV-ANF-1L;9;6.80
2020-08;QSV-ANF-1L;9;6.80
2020-09;QSV-ANF-1L;9;6.80
2020-10;QSV-ANF-1L;9;6.80
2020-11;QSV-ANF-1L;9;6.80
2020-12;QSV-ANF-1L;9;6.80
2021-01;QSV-ANF-1L;9;6.90
2021-02;QSV-ANF-1L;10;6.90
2021-03;QSV-ANF-1L;9;6.90
2021-04;QSV-ANF-1L;9;6.90
2021-05;QSV-ANF-1L;10;6.90
2021-06;QSV-ANF-1L;9;6.90
2021-07;QSV-ANF-1L;9;6.90
2021-08;QSV-ANF-1L;10;6.90
2021-09;QSV-ANF-1L;10;6.90
2021-10;QSV-ANF-1L;9;6.90
2021-11;QSV-ANF-1L;10;6.90
2021-12;QSV-ANF-1L;10;6.90
2022-01;QSV-ANF-1L;10;6.99
2022-02;QSV-ANF-1L;10;6.99
2022-03;QSV-ANF-1L;9;6.99
2022-04;QSV-ANF-1L;10;6.99
2022-05;QSV-ANF-1L;10;6.99
2022-06;QSV-ANF-1L;9;6.99
2022-07;QSV-ANF-1L;10;6.99
2022-08;QSV-ANF-1L;10;6.99
2022-09;QSV-ANF-1L;9;6.99
2022-10;QSV-ANF-1L;10;6.99
2022-11;QSV-ANF-1L;10;6.99
2022-12;QSV-ANF-1L;9;6.99
2023-01;QSV-ANF-1L;11;7.09
2023-02;QSV-ANF-1L;9;7.09
2023-03;QSV-ANF-1L;10;7.09
2023-04;QSV-ANF-1L;10;7.09
2023-05;QSV-ANF-1L;9;7.09
2023-06;QSV-ANF-1L;10;7.09
2023-07;QSV-ANF-1L;10;7.09
2023-08;QSV-ANF-1L;11;7.09
2023-09;QSV-ANF-1L;10;7.09
2023-10;QSV-ANF-1L;10;7.09
2023-11;QSV-ANF-1L;11;7.09
2023-12;QSV-ANF-1L;10;7.09
2024-01;QSV-ANF-1L;11;7.18
2024-02;QSV-ANF-1L;10;7.18
2024-03;QSV-ANF-1L;11;7.18
2024-04;QSV-ANF-1L;11;7.18
2024-05;QSV-ANF-1L;10;7.18
2024-06;QSV-ANF-1L;10;7.18
2024-07;QSV-ANF-1L;11;7.18
2024-08;QSV-ANF-1L;10;7.18
2024-09;QSV-ANF-1L;10;7.18
2024-10;QSV-ANF-1L;11;7.18
2024-11;QSV-ANF-1L;11;7.18
2024-12;QSV-ANF-1L;10;7.18
2025-01;QSV-ANF-1L;10;7.28
2025-02;QSV-ANF-1L;11;7.28
2025-03;QSV-ANF-1L;11;7.28
2025-04;QSV-ANF-1L;12;7.28
2025-05;QSV-ANF-1L;11;7.28
2025-06;QSV-ANF-1L;11;7.28
2025-07;QSV-ANF-1L;12;7.28
2025-08;QSV-ANF-1L;10;7.28
2025-09;QSV-ANF-1L;11;7.28
2025-10;QSV-ANF-1L;11;7.28
2025-11;QSV-ANF-1L;10;7.28
2025-12;QSV-ANF-1L;11;7.28
2020-01;MRC-DFI-4L;2;46.00
2020-02;MRC-DFI-4L;2;46.00
2020-03;MRC-DFI-4L;3;46.00
2020-04;MRC-DFI-4L;4;46.00
2020-05;MRC-DFI-4L;5;46.00
2020-06;MRC-DFI-4L;6;46.00
2020-07;MRC-DFI-4L;7;46.00
2020-08;MRC-DFI-4L;7;46.00
2020-09;MRC-DFI-4L;5;46.00
2020-10;MRC-DFI-4L;3;46.00
2020-11;MRC-DFI-4L;3;46.00
2020-12;MRC-DFI-4L;2;46.00
2021-01;MRC-DFI-4L;3;46.64
2021-02;MRC-DFI-4L;2;46.64
2021-03;MRC-DFI-4L;3;46.64
2021-04;MRC-DFI-4L;5;46.64
2021-05;MRC-DFI-4L;5;46.64
2021-06;MRC-DFI-4L;7;46.64
2021-07;MRC-DFI-4L;8;46.64
2021-08;MRC-DFI-4L;6;46.64
2021-09;MRC-DFI-4L;5;46.64
2021-10;MRC-DFI-4L;4;46.64
2021-11;MRC-DFI-4L;3;46.64
2021-12;MRC-DFI-4L;2;46.64
2022-01;MRC-DFI-4L;2;47.29
2022-02;MRC-DFI-4L;2;47.29
2022-03;MRC-DFI-4L;4;47.29
2022-04;MRC-DFI-4L;5;47.29
2022-05;MRC-DFI-4L;6;47.29
2022-06;MRC-DFI-4L;8;47.29
2022-07;MRC-DFI-4L;8;47.29
2022-08;MRC-DFI-4L;7;47.29
2022-09;MRC-DFI-4L;6;47.29
2022-10;MRC-DFI-4L;4;47.29
2022-11;MRC-DFI-4L;3;47.29
2022-12;MRC-DFI-4L;2;47.29
2023-01;MRC-DFI-4L;3;47.93
2023-02;MRC-DFI-4L;3;47.93
2023-03;MRC-DFI-4L;4;47.93
2023-04;MRC-DFI-4L;5;47.93
2023-05;MRC-DFI-4L;7;47.93
2023-06;MRC-DFI-4L;8;47.93
2023-07;MRC-DFI-4L;8;47.93
2023-08;MRC-DFI-4L;8;47.93
2023-09;MRC-DFI-4L;6;47.93
2023-10;MRC-DFI-4L;4;47.93
2023-11;MRC-DFI-4L;3;47.93
2023-12;MRC-DFI-4L;3;47.93
2024-01;MRC-DFI-4L;3;48.58
2024-02;MRC-DFI-4L;3;48.58
2024-03;MRC-DFI-4L;5;48.58
2024-04;MRC-DFI-4L;5;48.58
2024-05;MRC-DFI-4L;7;48.58
2024-06;MRC-DFI-4L;9;48.58
2024-07;MRC-DFI-4L;9;48.58
2024-08;MRC-DFI-4L;9;48.58
2024-09;MRC-DFI-4L;7;48.58
2024-10;MRC-DFI-4L;4;48.58
2024-11;MRC-DFI-4L;3;48.58
2024-12;MRC-DFI-4L;3;48.58
2025-01;MRC-DFI-4L;3;49.22
2025-02;MRC-DFI-4L;3;49.22
2025-03;MRC-DFI-4L;4;49.22
2025-04;MRC-DFI-4L;6;49.22
2025-05;MRC-DFI-4L;8;49.22
2025-06;MRC-DFI-4L;10;49.22
2025-07;MRC-DFI-4L;10;49.22
2025-08;MRC-DFI-4L;10;49.22
2025-09;MRC-DFI-4L;7;49.22
2025-10;MRC-DFI-4L;5;49.22
2025-11;MRC-DFI-4L;4;49.22
2025-12;MRC-DFI-4L;3;49.22
2020-01;MRC-FLT-OIL;15;9.50
2020-02;MRC-FLT-OIL;15;9.50
2020-03;MRC-FLT-OIL;18;9.50
2020-04;MRC-FLT-OIL;18;9.50
2020-05;MRC-FLT-OIL;20;9.50
2020-06;MRC-FLT-OIL;22;9.50
2020-07;MRC-FLT-OIL;23;9.50
2020-08;MRC-FLT-OIL;19;9.50
2020-09;MRC-FLT-OIL;19;9.50
2020-10;MRC-FLT-OIL;19;9.50
2020-11;MRC-FLT-OIL;15;9.50
2020-12;MRC-FLT-OIL;15;9.50
2021-01;MRC-FLT-OIL;17;9.63
2021-02;MRC-FLT-OIL;16;9.63
2021-03;MRC-FLT-OIL;20;9.63
2021-04;MRC-FLT-OIL;20;9.63
2021-05;MRC-FLT-OIL;23;9.63
2021-06;MRC-FLT-OIL;25;9.63
2021-07;MRC-FLT-OIL;22;9.63
2021-08;MRC-FLT-OIL;22;9.63
2021-09;MRC-FLT-OIL;22;9.63
2021-10;MRC-FLT-OIL;18;9.63
2021-11;MRC-FLT-OIL;17;9.63
2021-12;MRC-FLT-OIL;17;9.63
2022-01;MRC-FLT-OIL;19;9.77
2022-02;MRC-FLT-OIL;18;9.77
2022-03;MRC-FLT-OIL;23;9.77
2022-04;MRC-FLT-OIL;23;9.77
2022-05;MRC-FLT-OIL;25;9.77
2022-06;MRC-FLT-OIL;28;9.77
2022-07;MRC-FLT-OIL;25;9.77
2022-08;MRC-FLT-OIL;24;9.77
2022-09;MRC-FLT-OIL;24;9.77
2022-10;MRC-FLT-OIL;21;9.77
2022-11;MRC-FLT-OIL;19;9.77
2022-12;MRC-FLT-OIL;19;9.77
2023-01;MRC-FLT-OIL;21;9.90
2023-02;MRC-FLT-OIL;21;9.90
2023-03;MRC-FLT-OIL;22;9.90
2023-04;MRC-FLT-OIL;26;9.90
2023-05;MRC-FLT-OIL;28;9.90
2023-06;MRC-FLT-OIL;27;9.90
2023-07;MRC-FLT-OIL;28;9.90
2023-08;MRC-FLT-OIL;27;9.90
2023-09;MRC-FLT-OIL;27;9.90
2023-10;MRC-FLT-OIL;23;9.90
2023-11;MRC-FLT-OIL;21;9.90
2023-12;MRC-FLT-OIL;21;9.90
2024-01;MRC-FLT-OIL;24;10.03
2024-02;MRC-FLT-OIL;23;10.03
2024-03;MRC-FLT-OIL;25;10.03
2024-04;MRC-FLT-OIL;29;10.03
2024-05;MRC-FLT-OIL;32;10.03
2024-06;MRC-FLT-OIL;30;10.03
2024-07;MRC-FLT-OIL;31;10.03
2024-08;MRC-FLT-OIL;31;10.03
2024-09;MRC-FLT-OIL;26;10.03
2024-10;MRC-FLT-OIL;26;10.03
2024-11;MRC-FLT-OIL;24;10.03
2024-12;MRC-FLT-OIL;20;10.03
2025-01;MRC-FLT-OIL;26;10.17
2025-02;MRC-FLT-OIL;22;10.17
2025-03;MRC-FLT-OIL;28;10.17
2025-04;MRC-FLT-OIL;32;10.17
2025-05;MRC-FLT-OIL;36;10.17
2025-06;MRC-FLT-OIL;34;10.17
2025-07;MRC-FLT-OIL;35;10.17
2025-08;MRC-FLT-OIL;35;10.17
2025-09;MRC-FLT-OIL;29;10.17
2025-10;MRC-FLT-OIL;29;10.17
2025-11;MRC-FLT-OIL;27;10.17
2025-12;MRC-FLT-OIL;22;10.17
2020-01;MRC-FLT-FUEL;10;6.20
2020-02;MRC-FLT-FUEL;10;6.20
2020-03;MRC-FLT-FUEL;12;6.20
2020-04;MRC-FLT-FUEL;12;6.20
2020-05;MRC-FLT-FUEL;14;6.20
2020-06;MRC-FLT-FUEL;15;6.20
2020-07;MRC-FLT-FUEL;15;6.20
2020-08;MRC-FLT-FUEL;13;6.20
2020-09;MRC-FLT-FUEL;13;6.20
2020-10;MRC-FLT-FUEL;13;6.20
2020-11;MRC-FLT-FUEL;10;6.20
2020-12;MRC-FLT-FUEL;10;6.20
2021-01;MRC-FLT-FUEL;11;6.29
2021-02;MRC-FLT-FUEL;11;6.29
2021-03;MRC-FLT-FUEL;13;6.29
2021-04;MRC-FLT-FUEL;13;6.29
2021-05;MRC-FLT-FUEL;15;6.29
2021-06;MRC-FLT-FUEL;17;6.29
2021-07;MRC-FLT-FUEL;14;6.29
2021-08;MRC-FLT-FUEL;14;6.29
2021-09;MRC-FLT-FUEL;14;6.29
2021-10;MRC-FLT-FUEL;12;6.29
2021-11;MRC-FLT-FUEL;11;6.29
2021-12;MRC-FLT-FUEL;11;6.29
2022-01;MRC-FLT-FUEL;12;6.37
2022-02;MRC-FLT-FUEL;12;6.37
2022-03;MRC-FLT-FUEL;13;6.37
2022-04;MRC-FLT-FUEL;15;6.37
2022-05;MRC-FLT-FUEL;16;6.37
2022-06;MRC-FLT-FUEL;18;6.37
2022-07;MRC-FLT-FUEL;16;6.37
2022-08;MRC-FLT-FUEL;16;6.37
2022-09;MRC-FLT-FUEL;16;6.37
2022-10;MRC-FLT-FUEL;13;6.37
2022-11;MRC-FLT-FUEL;12;6.37
2022-12;MRC-FLT-FUEL;12;6.37
2023-01;MRC-FLT-FUEL;13;6.46
2023-02;MRC-FLT-FUEL;13;6.46
2023-03;MRC-FLT-FUEL;14;6.46
2023-04;MRC-FLT-FUEL;16;6.46
2023-05;MRC-FLT-FUEL;18;6.46
2023-06;MRC-FLT-FUEL;17;6.46
2023-07;MRC-FLT-FUEL;18;6.46
2023-08;MRC-FLT-FUEL;17;6.46
2023-09;MRC-FLT-FUEL;15;6.46
2023-10;MRC-FLT-FUEL;15;6.46
2023-11;MRC-FLT-FUEL;14;6.46
2023-12;MRC-FLT-FUEL;13;6.46
2024-01;MRC-FLT-FUEL;15;6.55
2024-02;MRC-FLT-FUEL;14;6.55
2024-03;MRC-FLT-FUEL;15;6.55
2024-04;MRC-FLT-FUEL;18;6.55
2024-05;MRC-FLT-FUEL;20;6.55
2024-06;MRC-FLT-FUEL;19;6.55
2024-07;MRC-FLT-FUEL;19;6.55
2024-08;MRC-FLT-FUEL;19;6.55
2024-09;MRC-FLT-FUEL;16;6.55
2024-10;MRC-FLT-FUEL;16;6.55
2024-11;MRC-FLT-FUEL;15;6.55
2024-12;MRC-FLT-FUEL;12;6.55
2025-01;MRC-FLT-FUEL;16;6.63
2025-02;MRC-FLT-FUEL;14;6.63
2025-03;MRC-FLT-FUEL;17;6.63
2025-04;MRC-FLT-FUEL;20;6.63
2025-05;MRC-FLT-FUEL;19;6.63
2025-06;MRC-FLT-FUEL;21;6.63
2025-07;MRC-FLT-FUEL;21;6.63
2025-08;MRC-FLT-FUEL;21;6.63
2025-09;MRC-FLT-FUEL;18;6.63
2025-10;MRC-FLT-FUEL;18;6.63
2025-11;MRC-FLT-FUEL;16;6.63
2025-12;MRC-FLT-FUEL;14;6.63
2020-01;MRC-FLT-WTR;9;7.80
2020-02;MRC-FLT-WTR;8;7.80
2020-03;MRC-FLT-WTR;10;7.80
2020-04;MRC-FLT-WTR;11;7.80
2020-05;MRC-FLT-WTR;11;7.80
2020-06;MRC-FLT-WTR;12;7.80
2020-07;MRC-FLT-WTR;12;7.80
2020-08;MRC-FLT-WTR;10;7.80
2020-09;MRC-FLT-WTR;10;7.80
2020-10;MRC-FLT-WTR;10;7.80
2020-11;MRC-FLT-WTR;9;7.80
2020-12;MRC-FLT-WTR;8;7.80
2021-01;MRC-FLT-WTR;10;7.91
2021-02;MRC-FLT-WTR;8;7.91
2021-03;MRC-FLT-WTR;11;7.91
2021-04;MRC-FLT-WTR;12;7.91
2021-05;MRC-FLT-WTR;12;7.91
2021-06;MRC-FLT-WTR;13;7.91
2021-07;MRC-FLT-WTR;13;7.91
2021-08;MRC-FLT-WTR;11;7.91
2021-09;MRC-FLT-WTR;11;7.91
2021-10;MRC-FLT-WTR;11;7.91
2021-11;MRC-FLT-WTR;9;7.91
2021-12;MRC-FLT-WTR;9;7.91
2022-01;MRC-FLT-WTR;9;8.02
2022-02;MRC-FLT-WTR;9;8.02
2022-03;MRC-FLT-WTR;12;8.02
2022-04;MRC-FLT-WTR;11;8.02
2022-05;MRC-FLT-WTR;13;8.02
2022-06;MRC-FLT-WTR;14;8.02
2022-07;MRC-FLT-WTR;14;8.02
2022-08;MRC-FLT-WTR;12;8.02
2022-09;MRC-FLT-WTR;12;8.02
2022-10;MRC-FLT-WTR;12;8.02
2022-11;MRC-FLT-WTR;10;8.02
2022-12;MRC-FLT-WTR;9;8.02
2023-01;MRC-FLT-WTR;10;8.13
2023-02;MRC-FLT-WTR;10;8.13
2023-03;MRC-FLT-WTR;13;8.13
2023-04;MRC-FLT-WTR;13;8.13
2023-05;MRC-FLT-WTR;14;8.13
2023-06;MRC-FLT-WTR;16;8.13
2023-07;MRC-FLT-WTR;14;8.13
2023-08;MRC-FLT-WTR;14;8.13
2023-09;MRC-FLT-WTR;13;8.13
2023-10;MRC-FLT-WTR;11;8.13
2023-11;MRC-FLT-WTR;10;8.13
2023-12;MRC-FLT-WTR;10;8.13
2024-01;MRC-FLT-WTR;11;8.24
2024-02;MRC-FLT-WTR;11;8.24
2024-03;MRC-FLT-WTR;14;8.24
2024-04;MRC-FLT-WTR;14;8.24
2024-05;MRC-FLT-WTR;15;8.24
2024-06;MRC-FLT-WTR;17;8.24
2024-07;MRC-FLT-WTR;15;8.24
2024-08;MRC-FLT-WTR;15;8.24
2024-09;MRC-FLT-WTR;15;8.24
2024-10;MRC-FLT-WTR;12;8.24
2024-11;MRC-FLT-WTR;11;8.24
2024-12;MRC-FLT-WTR;11;8.24
2025-01;MRC-FLT-WTR;12;8.35
2025-02;MRC-FLT-WTR;12;8.35
2025-03;MRC-FLT-WTR;13;8.35
2025-04;MRC-FLT-WTR;15;8.35
2025-05;MRC-FLT-WTR;17;8.35
2025-06;MRC-FLT-WTR;16;8.35
2025-07;MRC-FLT-WTR;16;8.35
2025-08;MRC-FLT-WTR;16;8.35
2025-09;MRC-FLT-WTR;16;8.35
2025-10;MRC-FLT-WTR;14;8.35
2025-11;MRC-FLT-WTR;13;8.35
2025-12;MRC-FLT-WTR;12;8.35
2020-01;QSV-WSEP;7;12.50
2020-02;QSV-WSEP;6;12.50
2020-03;QSV-WSEP;8;12.50
2020-04;QSV-WSEP;9;12.50
2020-05;QSV-WSEP;9;12.50
2020-06;QSV-WSEP;10;12.50
2020-07;QSV-WSEP;10;12.50
2020-08;QSV-WSEP;8;12.50
2020-09;QSV-WSEP;8;12.50
2020-10;QSV-WSEP;8;12.50
2020-11;QSV-WSEP;8;12.50
2020-12;QSV-WSEP;6;12.50
2021-01;QSV-WSEP;7;12.68
2021-02;QSV-WSEP;7;12.68
2021-03;QSV-WSEP;9;12.68
2021-04;QSV-WSEP;10;12.68
2021-05;QSV-WSEP;10;12.68
2021-06;QSV-WSEP;11;12.68
2021-07;QSV-WSEP;11;12.68
2021-08;QSV-WSEP;9;12.68
2021-09;QSV-WSEP;9;12.68
2021-10;QSV-WSEP;9;12.68
2021-11;QSV-WSEP;7;12.68
2021-12;QSV-WSEP;7;12.68
2022-01;QSV-WSEP;8;12.85
2022-02;QSV-WSEP;8;12.85
2022-03;QSV-WSEP;10;12.85
2022-04;QSV-WSEP;9;12.85
2022-05;QSV-WSEP;11;12.85
2022-06;QSV-WSEP;12;12.85
2022-07;QSV-WSEP;10;12.85
2022-08;QSV-WSEP;10;12.85
2022-09;QSV-WSEP;10;12.85
2022-10;QSV-WSEP;10;12.85
2022-11;QSV-WSEP;8;12.85
2022-12;QSV-WSEP;8;12.85
2023-01;QSV-WSEP;9;13.03
2023-02;QSV-WSEP;8;13.03
2023-03;QSV-WSEP;10;13.03
2023-04;QSV-WSEP;10;13.03
2023-05;QSV-WSEP;12;13.03
2023-06;QSV-WSEP;13;13.03
2023-07;QSV-WSEP;11;13.03
2023-08;QSV-WSEP;11;13.03
2023-09;QSV-WSEP;11;13.03
2023-10;QSV-WSEP;9;13.03
2023-11;QSV-WSEP;9;13.03
2023-12;QSV-WSEP;9;13.03
2024-01;QSV-WSEP;9;13.20
2024-02;QSV-WSEP;9;13.20
2024-03;QSV-WSEP;10;13.20
2024-04;QSV-WSEP;11;13.20
2024-05;QSV-WSEP;13;13.20
2024-06;QSV-WSEP;14;13.20
2024-07;QSV-WSEP;12;13.20
2024-08;QSV-WSEP;12;13.20
2024-09;QSV-WSEP;12;13.20
2024-10;QSV-WSEP;10;13.20
2024-11;QSV-WSEP;10;13.20
2024-12;QSV-WSEP;9;13.20
2025-01;QSV-WSEP;10;13.38
2025-02;QSV-WSEP;10;13.38
2025-03;QSV-WSEP;11;13.38
2025-04;QSV-WSEP;13;13.38
2025-05;QSV-WSEP;14;13.38
2025-06;QSV-WSEP;13;13.38
2025-07;QSV-WSEP;14;13.38
2025-08;QSV-WSEP;14;13.38
2025-09;QSV-WSEP;12;13.38
2025-10;QSV-WSEP;11;13.38
2025-11;QSV-WSEP;11;13.38
2025-12;QSV-WSEP;10;13.38
2020-01;SIR-FLT-FUE;5;5.90
2020-02;SIR-FLT-FUE;5;5.90
2020-03;SIR-FLT-FUE;6;5.90
2020-04;SIR-FLT-FUE;7;5.90
2020-05;SIR-FLT-FUE;7;5.90
2020-06;SIR-FLT-FUE;7;5.90
2020-07;SIR-FLT-FUE;7;5.90
2020-08;SIR-FLT-FUE;7;5.90
2020-09;SIR-FLT-FUE;6;5.90
2020-10;SIR-FLT-FUE;6;5.90
2020-11;SIR-FLT-FUE;5;5.90
2020-12;SIR-FLT-FUE;5;5.90
2021-01;SIR-FLT-FUE;6;5.98
2021-02;SIR-FLT-FUE;5;5.98
2021-03;SIR-FLT-FUE;6;5.98
2021-04;SIR-FLT-FUE;7;5.98
2021-05;SIR-FLT-FUE;7;5.98
2021-06;SIR-FLT-FUE;8;5.98
2021-07;SIR-FLT-FUE;8;5.98
2021-08;SIR-FLT-FUE;8;5.98
2021-09;SIR-FLT-FUE;6;5.98
2021-10;SIR-FLT-FUE;6;5.98
2021-11;SIR-FLT-FUE;6;5.98
2021-12;SIR-FLT-FUE;5;5.98
2022-01;SIR-FLT-FUE;6;6.07
2022-02;SIR-FLT-FUE;5;6.07
2022-03;SIR-FLT-FUE;7;6.07
2022-04;SIR-FLT-FUE;8;6.07
2022-05;SIR-FLT-FUE;7;6.07
2022-06;SIR-FLT-FUE;8;6.07
2022-07;SIR-FLT-FUE;8;6.07
2022-08;SIR-FLT-FUE;7;6.07
2022-09;SIR-FLT-FUE;7;6.07
2022-10;SIR-FLT-FUE;7;6.07
2022-11;SIR-FLT-FUE;5;6.07
2022-12;SIR-FLT-FUE;5;6.07
2023-01;SIR-FLT-FUE;6;6.15
2023-02;SIR-FLT-FUE;6;6.15
2023-03;SIR-FLT-FUE;7;6.15
2023-04;SIR-FLT-FUE;8;6.15
2023-05;SIR-FLT-FUE;8;6.15
2023-06;SIR-FLT-FUE;9;6.15
2023-07;SIR-FLT-FUE;9;6.15
2023-08;SIR-FLT-FUE;8;6.15
2023-09;SIR-FLT-FUE;8;6.15
2023-10;SIR-FLT-FUE;8;6.15
2023-11;SIR-FLT-FUE;6;6.15
2023-12;SIR-FLT-FUE;6;6.15
2024-01;SIR-FLT-FUE;6;6.23
2024-02;SIR-FLT-FUE;6;6.23
2024-03;SIR-FLT-FUE;8;6.23
2024-04;SIR-FLT-FUE;8;6.23
2024-05;SIR-FLT-FUE;9;6.23
2024-06;SIR-FLT-FUE;10;6.23
2024-07;SIR-FLT-FUE;8;6.23
2024-08;SIR-FLT-FUE;8;6.23
2024-09;SIR-FLT-FUE;8;6.23
2024-10;SIR-FLT-FUE;8;6.23
2024-11;SIR-FLT-FUE;6;6.23
2024-12;SIR-FLT-FUE;6;6.23
2025-01;SIR-FLT-FUE;7;6.31
2025-02;SIR-FLT-FUE;7;6.31
2025-03;SIR-FLT-FUE;8;6.31
2025-04;SIR-FLT-FUE;8;6.31
2025-05;SIR-FLT-FUE;9;6.31
2025-06;SIR-FLT-FUE;10;6.31
2025-07;SIR-FLT-FUE;9;6.31
2025-08;SIR-FLT-FUE;9;6.31
2025-09;SIR-FLT-FUE;9;6.31
2025-10;SIR-FLT-FUE;8;6.31
2025-11;SIR-FLT-FUE;7;6.31
2025-12;SIR-FLT-FUE;7;6.31
2020-01;SIR-WFLT;5;10.80
2020-02;SIR-WFLT;4;10.80
2020-03;SIR-WFLT;5;10.80
2020-04;SIR-WFLT;6;10.80
2020-05;SIR-WFLT;5;10.80
2020-06;SIR-WFLT;6;10.80
2020-07;SIR-WFLT;6;10.80
2020-08;SIR-WFLT;5;10.80
2020-09;SIR-WFLT;5;10.80
2020-10;SIR-WFLT;5;10.80
2020-11;SIR-WFLT;4;10.80
2020-12;SIR-WFLT;4;10.80
2021-01;SIR-WFLT;4;10.95
2021-02;SIR-WFLT;4;10.95
2021-03;SIR-WFLT;5;10.95
2021-04;SIR-WFLT;6;10.95
2021-05;SIR-WFLT;6;10.95
2021-06;SIR-WFLT;6;10.95
2021-07;SIR-WFLT;7;10.95
2021-08;SIR-WFLT;6;10.95
2021-09;SIR-WFLT;6;10.95
2021-10;SIR-WFLT;6;10.95
2021-11;SIR-WFLT;4;10.95
2021-12;SIR-WFLT;4;10.95
2022-01;SIR-WFLT;5;11.10
2022-02;SIR-WFLT;5;11.10
2022-03;SIR-WFLT;6;11.10
2022-04;SIR-WFLT;6;11.10
2022-05;SIR-WFLT;6;11.10
2022-06;SIR-WFLT;7;11.10
2022-07;SIR-WFLT;6;11.10
2022-08;SIR-WFLT;6;11.10
2022-09;SIR-WFLT;6;11.10
2022-10;SIR-WFLT;6;11.10
2022-11;SIR-WFLT;5;11.10
2022-12;SIR-WFLT;5;11.10
2023-01;SIR-WFLT;5;11.25
2023-02;SIR-WFLT;5;11.25
2023-03;SIR-WFLT;6;11.25
2023-04;SIR-WFLT;6;11.25
2023-05;SIR-WFLT;7;11.25
2023-06;SIR-WFLT;7;11.25
2023-07;SIR-WFLT;6;11.25
2023-08;SIR-WFLT;6;11.25
2023-09;SIR-WFLT;6;11.25
2023-10;SIR-WFLT;5;11.25
2023-11;SIR-WFLT;5;11.25
2023-12;SIR-WFLT;5;11.25
2024-01;SIR-WFLT;5;11.40
2024-02;SIR-WFLT;5;11.40
2024-03;SIR-WFLT;6;11.40
2024-04;SIR-WFLT;6;11.40
2024-05;SIR-WFLT;7;11.40
2024-06;SIR-WFLT;8;11.40
2024-07;SIR-WFLT;7;11.40
2024-08;SIR-WFLT;7;11.40
2024-09;SIR-WFLT;7;11.40
2024-10;SIR-WFLT;6;11.40
2024-11;SIR-WFLT;5;11.40
2024-12;SIR-WFLT;5;11.40
2025-01;SIR-WFLT;6;11.56
2025-02;SIR-WFLT;6;11.56
2025-03;SIR-WFLT;6;11.56
2025-04;SIR-WFLT;7;11.56
2025-05;SIR-WFLT;8;11.56
2025-06;SIR-WFLT;7;11.56
2025-07;SIR-WFLT;7;11.56
2025-08;SIR-WFLT;7;11.56
2025-09;SIR-WFLT;6;11.56
2025-10;SIR-WFLT;6;11.56
2025-11;SIR-WFLT;6;11.56
2025-12;SIR-WFLT;6;11.56
2020-01;JAB-18590;4;27.00
2020-02;JAB-18590;3;27.00
2020-03;JAB-18590;4;27.00
2020-04;JAB-18590;2;27.00
2020-05;JAB-18590;2;27.00
2020-06;JAB-18590;1;27.00
2020-07;JAB-18590;1;27.00
2020-08;JAB-18590;2;27.00
2020-09;JAB-18590;3;27.00
2020-10;JAB-18590;2;27.00
2020-11;JAB-18590;2;27.00
2020-12;JAB-18590;3;27.00
2021-01;JAB-18590;2;27.38
2021-02;JAB-18590;1;27.38
2021-03;JAB-18590;1;27.38
2021-04;JAB-18590;1;27.38
2021-05;JAB-18590;0;27.38
2021-06;JAB-18590;0;27.38
2021-07;JAB-18590;1;27.38
2021-08;JAB-18590;1;27.38
2021-09;JAB-18590;2;27.38
2021-10;JAB-18590;1;27.38
2021-11;JAB-18590;1;27.38
2021-12;JAB-18590;2;27.38
2022-01;JAB-18590;2;27.76
2022-02;JAB-18590;3;27.76
2022-03;JAB-18590;4;27.76
2022-04;JAB-18590;5;27.76
2022-05;JAB-18590;7;27.76
2022-06;JAB-18590;7;27.76
2022-07;JAB-18590;8;27.76
2022-08;JAB-18590;9;27.76
2022-09;JAB-18590;10;27.76
2022-10;JAB-18590;10;27.76
2022-11;JAB-18590;8;27.76
2022-12;JAB-18590;8;27.76
2023-01;JAB-18590;8;28.13
2023-02;JAB-18590;8;28.13
2023-03;JAB-18590;10;28.13
2023-04;JAB-18590;10;28.13
2023-05;JAB-18590;12;28.13
2023-06;JAB-18590;13;28.13
2023-07;JAB-18590;11;28.13
2023-08;JAB-18590;11;28.13
2023-09;JAB-18590;11;28.13
2023-10;JAB-18590;9;28.13
2023-11;JAB-18590;9;28.13
2023-12;JAB-18590;8;28.13
2024-01;JAB-18590;9;28.51
2024-02;JAB-18590;9;28.51
2024-03;JAB-18590;11;28.51
2024-04;JAB-18590;11;28.51
2024-05;JAB-18590;13;28.51
2024-06;JAB-18590;14;28.51
2024-07;JAB-18590;12;28.51
2024-08;JAB-18590;12;28.51
2024-09;JAB-18590;12;28.51
2024-10;JAB-18590;10;28.51
2024-11;JAB-18590;9;28.51
2024-12;JAB-18590;9;28.51
2025-01;JAB-18590;10;28.89
2025-02;JAB-18590;10;28.89
2025-03;JAB-18590;11;28.89
2025-04;JAB-18590;12;28.89
2025-05;JAB-18590;14;28.89
2025-06;JAB-18590;13;28.89
2025-07;JAB-18590;14;28.89
2025-08;JAB-18590;13;28.89
2025-09;JAB-18590;13;28.89
2025-10;JAB-18590;11;28.89
2025-11;JAB-18590;10;28.89
2025-12;JAB-18590;10;28.89
2020-01;JAB-17937;5;21.00
2020-02;JAB-17937;5;21.00
2020-03;JAB-17937;6;21.00
2020-04;JAB-17937;6;21.00
2020-05;JAB-17937;7;21.00
2020-06;JAB-17937;7;21.00
2020-07;JAB-17937;8;21.00
2020-08;JAB-17937;6;21.00
2020-09;JAB-17937;6;21.00
2020-10;JAB-17937;6;21.00
2020-11;JAB-17937;5;21.00
2020-12;JAB-17937;5;21.00
2021-01;JAB-17937;5;21.29
2021-02;JAB-17937;5;21.29
2021-03;JAB-17937;7;21.29
2021-04;JAB-17937;7;21.29
2021-05;JAB-17937;7;21.29
2021-06;JAB-17937;8;21.29
2021-07;JAB-17937;7;21.29
2021-08;JAB-17937;7;21.29
2021-09;JAB-17937;7;21.29
2021-10;JAB-17937;6;21.29
2021-11;JAB-17937;5;21.29
2021-12;JAB-17937;5;21.29
2022-01;JAB-17937;6;21.59
2022-02;JAB-17937;6;21.59
2022-03;JAB-17937;7;21.59
2022-04;JAB-17937;7;21.59
2022-05;JAB-17937;8;21.59
2022-06;JAB-17937;9;21.59
2022-07;JAB-17937;8;21.59
2022-08;JAB-17937;8;21.59
2022-09;JAB-17937;8;21.59
2022-10;JAB-17937;6;21.59
2022-11;JAB-17937;6;21.59
2022-12;JAB-17937;6;21.59
2023-01;JAB-17937;6;21.88
2023-02;JAB-17937;6;21.88
2023-03;JAB-17937;7;21.88
2023-04;JAB-17937;8;21.88
2023-05;JAB-17937;9;21.88
2023-06;JAB-17937;8;21.88
2023-07;JAB-17937;8;21.88
2023-08;JAB-17937;8;21.88
2023-09;JAB-17937;8;21.88
2023-10;JAB-17937;7;21.88
2023-11;JAB-17937;6;21.88
2023-12;JAB-17937;6;21.88
2024-01;JAB-17937;7;22.18
2024-02;JAB-17937;7;22.18
2024-03;JAB-17937;7;22.18
2024-04;JAB-17937;8;22.18
2024-05;JAB-17937;9;22.18
2024-06;JAB-17937;9;22.18
2024-07;JAB-17937;9;22.18
2024-08;JAB-17937;9;22.18
2024-09;JAB-17937;8;22.18
2024-10;JAB-17937;7;22.18
2024-11;JAB-17937;7;22.18
2024-12;JAB-17937;6;22.18
2025-01;JAB-17937;7;22.47
2025-02;JAB-17937;6;22.47
2025-03;JAB-17937;8;22.47
2025-04;JAB-17937;9;22.47
2025-05;JAB-17937;10;22.47
2025-06;JAB-17937;9;22.47
2025-07;JAB-17937;10;22.47
2025-08;JAB-17937;10;22.47
2025-09;JAB-17937;8;22.47
2025-10;JAB-17937;8;22.47
2025-11;JAB-17937;7;22.47
2025-12;JAB-17937;6;22.47
2020-01;JAB-6303;4;33.00
2020-02;JAB-6303;3;33.00
2020-03;JAB-6303;4;33.00
2020-04;JAB-6303;4;33.00
2020-05;JAB-6303;5;33.00
2020-06;JAB-6303;5;33.00
2020-07;JAB-6303;5;33.00
2020-08;JAB-6303;5;33.00
2020-09;JAB-6303;4;33.00
2020-10;JAB-6303;4;33.00
2020-11;JAB-6303;4;33.00
2020-12;JAB-6303;3;33.00
2021-01;JAB-6303;4;33.46
2021-02;JAB-6303;3;33.46
2021-03;JAB-6303;4;33.46
2021-04;JAB-6303;5;33.46
2021-05;JAB-6303;5;33.46
2021-06;JAB-6303;5;33.46
2021-07;JAB-6303;5;33.46
2021-08;JAB-6303;5;33.46
2021-09;JAB-6303;4;33.46
2021-10;JAB-6303;4;33.46
2021-11;JAB-6303;4;33.46
2021-12;JAB-6303;3;33.46
2022-01;JAB-6303;4;33.92
2022-02;JAB-6303;3;33.92
2022-03;JAB-6303;4;33.92
2022-04;JAB-6303;5;33.92
2022-05;JAB-6303;5;33.92
2022-06;JAB-6303;5;33.92
2022-07;JAB-6303;5;33.92
2022-08;JAB-6303;5;33.92
2022-09;JAB-6303;5;33.92
2022-10;JAB-6303;5;33.92
2022-11;JAB-6303;4;33.92
2022-12;JAB-6303;4;33.92
2023-01;JAB-6303;4;34.39
2023-02;JAB-6303;4;34.39
2023-03;JAB-6303;5;34.39
2023-04;JAB-6303;5;34.39
2023-05;JAB-6303;5;34.39
2023-06;JAB-6303;6;34.39
2023-07;JAB-6303;6;34.39
2023-08;JAB-6303;5;34.39
2023-09;JAB-6303;5;34.39
2023-10;JAB-6303;5;34.39
2023-11;JAB-6303;4;34.39
2023-12;JAB-6303;4;34.39
2024-01;JAB-6303;4;34.85
2024-02;JAB-6303;4;34.85
2024-03;JAB-6303;5;34.85
2024-04;JAB-6303;5;34.85
2024-05;JAB-6303;6;34.85
2024-06;JAB-6303;6;34.85
2024-07;JAB-6303;5;34.85
2024-08;JAB-6303;5;34.85
2024-09;JAB-6303;5;34.85
2024-10;JAB-6303;4;34.85
2024-11;JAB-6303;4;34.85
2024-12;JAB-6303;4;34.85
2025-01;JAB-6303;4;35.31
2025-02;JAB-6303;4;35.31
2025-03;JAB-6303;5;35.31
2025-04;JAB-6303;5;35.31
2025-05;JAB-6303;6;35.31
2025-06;JAB-6303;7;35.31
2025-07;JAB-6303;6;35.31
2025-08;JAB-6303;6;35.31
2025-09;JAB-6303;6;35.31
2025-10;JAB-6303;5;35.31
2025-11;JAB-6303;4;35.31
2025-12;JAB-6303;4;35.31
2020-01;SIR-IMP-18;4;17.50
2020-02;SIR-IMP-18;4;17.50
2020-03;SIR-IMP-18;5;17.50
2020-04;SIR-IMP-18;5;17.50
2020-05;SIR-IMP-18;6;17.50
2020-06;SIR-IMP-18;6;17.50
2020-07;SIR-IMP-18;6;17.50
2020-08;SIR-IMP-18;6;17.50
2020-09;SIR-IMP-18;6;17.50
2020-10;SIR-IMP-18;5;17.50
2020-11;SIR-IMP-18;4;17.50
2020-12;SIR-IMP-18;4;17.50
2021-01;SIR-IMP-18;5;17.75
2021-02;SIR-IMP-18;4;17.75
2021-03;SIR-IMP-18;5;17.75
2021-04;SIR-IMP-18;6;17.75
2021-05;SIR-IMP-18;6;17.75
2021-06;SIR-IMP-18;6;17.75
2021-07;SIR-IMP-18;6;17.75
2021-08;SIR-IMP-18;6;17.75
2021-09;SIR-IMP-18;6;17.75
2021-10;SIR-IMP-18;5;17.75
2021-11;SIR-IMP-18;5;17.75
2021-12;SIR-IMP-18;5;17.75
2022-01;SIR-IMP-18;5;17.99
2022-02;SIR-IMP-18;5;17.99
2022-03;SIR-IMP-18;5;17.99
2022-04;SIR-IMP-18;6;17.99
2022-05;SIR-IMP-18;7;17.99
2022-06;SIR-IMP-18;6;17.99
2022-07;SIR-IMP-18;6;17.99
2022-08;SIR-IMP-18;6;17.99
2022-09;SIR-IMP-18;5;17.99
2022-10;SIR-IMP-18;5;17.99
2022-11;SIR-IMP-18;5;17.99
2022-12;SIR-IMP-18;5;17.99
2023-01;SIR-IMP-18;5;18.23
2023-02;SIR-IMP-18;4;18.23
2023-03;SIR-IMP-18;6;18.23
2023-04;SIR-IMP-18;6;18.23
2023-05;SIR-IMP-18;7;18.23
2023-06;SIR-IMP-18;7;18.23
2023-07;SIR-IMP-18;7;18.23
2023-08;SIR-IMP-18;7;18.23
2023-09;SIR-IMP-18;6;18.23
2023-10;SIR-IMP-18;6;18.23
2023-11;SIR-IMP-18;5;18.23
2023-12;SIR-IMP-18;4;18.23
2024-01;SIR-IMP-18;6;18.48
2024-02;SIR-IMP-18;5;18.48
2024-03;SIR-IMP-18;6;18.48
2024-04;SIR-IMP-18;7;18.48
2024-05;SIR-IMP-18;7;18.48
2024-06;SIR-IMP-18;7;18.48
2024-07;SIR-IMP-18;7;18.48
2024-08;SIR-IMP-18;6;18.48
2024-09;SIR-IMP-18;6;18.48
2024-10;SIR-IMP-18;6;18.48
2024-11;SIR-IMP-18;6;18.48
2024-12;SIR-IMP-18;5;18.48
2025-01;SIR-IMP-18;6;18.73
2025-02;SIR-IMP-18;5;18.73
2025-03;SIR-IMP-18;6;18.73
2025-04;SIR-IMP-18;7;18.73
2025-05;SIR-IMP-18;7;18.73
2025-06;SIR-IMP-18;8;18.73
2025-07;SIR-IMP-18;8;18.73
2025-08;SIR-IMP-18;7;18.73
2025-09;SIR-IMP-18;7;18.73
2025-10;SIR-IMP-18;7;18.73
2025-11;SIR-IMP-18;5;18.73
2025-12;SIR-IMP-18;5;18.73
2020-01;SIR-IMP-MRC;6;19.80
2020-02;SIR-IMP-MRC;5;19.80
2020-03;SIR-IMP-MRC;7;19.80
2020-04;SIR-IMP-MRC;8;19.80
2020-05;SIR-IMP-MRC;7;19.80
2020-06;SIR-IMP-MRC;8;19.80
2020-07;SIR-IMP-MRC;8;19.80
2020-08;SIR-IMP-MRC;8;19.80
2020-09;SIR-IMP-MRC;7;19.80
2020-10;SIR-IMP-MRC;7;19.80
2020-11;SIR-IMP-MRC;7;19.80
2020-12;SIR-IMP-MRC;5;19.80
2021-01;SIR-IMP-MRC;7;20.08
2021-02;SIR-IMP-MRC;6;20.08
2021-03;SIR-IMP-MRC;7;20.08
2021-04;SIR-IMP-MRC;9;20.08
2021-05;SIR-IMP-MRC;8;20.08
2021-06;SIR-IMP-MRC;9;20.08
2021-07;SIR-IMP-MRC;9;20.08
2021-08;SIR-IMP-MRC;8;20.08
2021-09;SIR-IMP-MRC;8;20.08
2021-10;SIR-IMP-MRC;8;20.08
2021-11;SIR-IMP-MRC;6;20.08
2021-12;SIR-IMP-MRC;6;20.08
2022-01;SIR-IMP-MRC;7;20.35
2022-02;SIR-IMP-MRC;6;20.35
2022-03;SIR-IMP-MRC;8;20.35
2022-04;SIR-IMP-MRC;9;20.35
2022-05;SIR-IMP-MRC;9;20.35
2022-06;SIR-IMP-MRC;10;20.35
2022-07;SIR-IMP-MRC;10;20.35
2022-08;SIR-IMP-MRC;9;20.35
2022-09;SIR-IMP-MRC;9;20.35
2022-10;SIR-IMP-MRC;8;20.35
2022-11;SIR-IMP-MRC;7;20.35
2022-12;SIR-IMP-MRC;7;20.35
2023-01;SIR-IMP-MRC;7;20.63
2023-02;SIR-IMP-MRC;7;20.63
2023-03;SIR-IMP-MRC;9;20.63
2023-04;SIR-IMP-MRC;9;20.63
2023-05;SIR-IMP-MRC;10;20.63
2023-06;SIR-IMP-MRC;11;20.63
2023-07;SIR-IMP-MRC;9;20.63
2023-08;SIR-IMP-MRC;9;20.63
2023-09;SIR-IMP-MRC;9;20.63
2023-10;SIR-IMP-MRC;9;20.63
2023-11;SIR-IMP-MRC;7;20.63
2023-12;SIR-IMP-MRC;7;20.63
2024-01;SIR-IMP-MRC;8;20.91
2024-02;SIR-IMP-MRC;8;20.91
2024-03;SIR-IMP-MRC;10;20.91
2024-04;SIR-IMP-MRC;10;20.91
2024-05;SIR-IMP-MRC;11;20.91
2024-06;SIR-IMP-MRC;12;20.91
2024-07;SIR-IMP-MRC;10;20.91
2024-08;SIR-IMP-MRC;10;20.91
2024-09;SIR-IMP-MRC;10;20.91
2024-10;SIR-IMP-MRC;9;20.91
2024-11;SIR-IMP-MRC;8;20.91
2024-12;SIR-IMP-MRC;8;20.91
2025-01;SIR-IMP-MRC;9;21.19
2025-02;SIR-IMP-MRC;8;21.19
2025-03;SIR-IMP-MRC;9;21.19
2025-04;SIR-IMP-MRC;10;21.19
2025-05;SIR-IMP-MRC;12;21.19
2025-06;SIR-IMP-MRC;13;21.19
2025-07;SIR-IMP-MRC;11;21.19
2025-08;SIR-IMP-MRC;11;21.19
2025-09;SIR-IMP-MRC;11;21.19
2025-10;SIR-IMP-MRC;9;21.19
2025-11;SIR-IMP-MRC;9;21.19
2025-12;SIR-IMP-MRC;8;21.19
2020-01;SIR-IMP-VOL;4;22.50
2020-02;SIR-IMP-VOL;3;22.50
2020-03;SIR-IMP-VOL;4;22.50
2020-04;SIR-IMP-VOL;4;22.50
2020-05;SIR-IMP-VOL;4;22.50
2020-06;SIR-IMP-VOL;5;22.50
2020-07;SIR-IMP-VOL;5;22.50
2020-08;SIR-IMP-VOL;4;22.50
2020-09;SIR-IMP-VOL;4;22.50
2020-10;SIR-IMP-VOL;4;22.50
2020-11;SIR-IMP-VOL;4;22.50
2020-12;SIR-IMP-VOL;3;22.50
2021-01;SIR-IMP-VOL;4;22.82
2021-02;SIR-IMP-VOL;3;22.82
2021-03;SIR-IMP-VOL;4;22.82
2021-04;SIR-IMP-VOL;5;22.82
2021-05;SIR-IMP-VOL;5;22.82
2021-06;SIR-IMP-VOL;5;22.82
2021-07;SIR-IMP-VOL;5;22.82
2021-08;SIR-IMP-VOL;4;22.82
2021-09;SIR-IMP-VOL;4;22.82
2021-10;SIR-IMP-VOL;4;22.82
2021-11;SIR-IMP-VOL;3;22.82
2021-12;SIR-IMP-VOL;3;22.82
2022-01;SIR-IMP-VOL;4;23.13
2022-02;SIR-IMP-VOL;3;23.13
2022-03;SIR-IMP-VOL;4;23.13
2022-04;SIR-IMP-VOL;4;23.13
2022-05;SIR-IMP-VOL;5;23.13
2022-06;SIR-IMP-VOL;5;23.13
2022-07;SIR-IMP-VOL;5;23.13
2022-08;SIR-IMP-VOL;5;23.13
2022-09;SIR-IMP-VOL;5;23.13
2022-10;SIR-IMP-VOL;5;23.13
2022-11;SIR-IMP-VOL;4;23.13
2022-12;SIR-IMP-VOL;4;23.13
2023-01;SIR-IMP-VOL;4;23.45
2023-02;SIR-IMP-VOL;4;23.45
2023-03;SIR-IMP-VOL;5;23.45
2023-04;SIR-IMP-VOL;5;23.45
2023-05;SIR-IMP-VOL;5;23.45
2023-06;SIR-IMP-VOL;6;23.45
2023-07;SIR-IMP-VOL;5;23.45
2023-08;SIR-IMP-VOL;5;23.45
2023-09;SIR-IMP-VOL;5;23.45
2023-10;SIR-IMP-VOL;4;23.45
2023-11;SIR-IMP-VOL;4;23.45
2023-12;SIR-IMP-VOL;4;23.45
2024-01;SIR-IMP-VOL;4;23.76
2024-02;SIR-IMP-VOL;4;23.76
2024-03;SIR-IMP-VOL;5;23.76
2024-04;SIR-IMP-VOL;5;23.76
2024-05;SIR-IMP-VOL;5;23.76
2024-06;SIR-IMP-VOL;6;23.76
2024-07;SIR-IMP-VOL;5;23.76
2024-08;SIR-IMP-VOL;5;23.76
2024-09;SIR-IMP-VOL;5;23.76
2024-10;SIR-IMP-VOL;4;23.76
2024-11;SIR-IMP-VOL;4;23.76
2024-12;SIR-IMP-VOL;4;23.76
2025-01;SIR-IMP-VOL;4;24.08
2025-02;SIR-IMP-VOL;4;24.08
2025-03;SIR-IMP-VOL;4;24.08
2025-04;SIR-IMP-VOL;5;24.08
2025-05;SIR-IMP-VOL;6;24.08
2025-06;SIR-IMP-VOL;6;24.08
2025-07;SIR-IMP-VOL;6;24.08
2025-08;SIR-IMP-VOL;6;24.08
2025-09;SIR-IMP-VOL;6;24.08
2025-10;SIR-IMP-VOL;5;24.08
2025-11;SIR-IMP-VOL;4;24.08
2025-12;SIR-IMP-VOL;4;24.08
2020-01;AZN-MRC75;7;10.50
2020-02;AZN-MRC75;6;10.50
2020-03;AZN-MRC75;9;10.50
2020-04;AZN-MRC75;13;10.50
2020-05;AZN-MRC75;17;10.50
2020-06;AZN-MRC75;19;10.50
2020-07;AZN-MRC75;21;10.50
2020-08;AZN-MRC75;20;10.50
2020-09;AZN-MRC75;14;10.50
2020-10;AZN-MRC75;10;10.50
2020-11;AZN-MRC75;8;10.50
2020-12;AZN-MRC75;6;10.50
2021-01;AZN-MRC75;7;10.65
2021-02;AZN-MRC75;6;10.65
2021-03;AZN-MRC75;10;10.65
2021-04;AZN-MRC75;13;10.65
2021-05;AZN-MRC75;16;10.65
2021-06;AZN-MRC75;20;10.65
2021-07;AZN-MRC75;22;10.65
2021-08;AZN-MRC75;19;10.65
2021-09;AZN-MRC75;15;10.65
2021-10;AZN-MRC75;11;10.65
2021-11;AZN-MRC75;8;10.65
2021-12;AZN-MRC75;6;10.65
2022-01;AZN-MRC75;7;10.79
2022-02;AZN-MRC75;7;10.79
2022-03;AZN-MRC75;11;10.79
2022-04;AZN-MRC75;14;10.79
2022-05;AZN-MRC75;17;10.79
2022-06;AZN-MRC75;22;10.79
2022-07;AZN-MRC75;24;10.79
2022-08;AZN-MRC75;20;10.79
2022-09;AZN-MRC75;16;10.79
2022-10;AZN-MRC75;11;10.79
2022-11;AZN-MRC75;7;10.79
2022-12;AZN-MRC75;7;10.79
2023-01;AZN-MRC75;7;10.94
2023-02;AZN-MRC75;7;10.94
2023-03;AZN-MRC75;11;10.94
2023-04;AZN-MRC75;13;10.94
2023-05;AZN-MRC75;18;10.94
2023-06;AZN-MRC75;23;10.94
2023-07;AZN-MRC75;22;10.94
2023-08;AZN-MRC75;22;10.94
2023-09;AZN-MRC75;17;10.94
2023-10;AZN-MRC75;12;10.94
2023-11;AZN-MRC75;8;10.94
2023-12;AZN-MRC75;7;10.94
2024-01;AZN-MRC75;8;11.09
2024-02;AZN-MRC75;8;11.09
2024-03;AZN-MRC75;12;11.09
2024-04;AZN-MRC75;14;11.09
2024-05;AZN-MRC75;19;11.09
2024-06;AZN-MRC75;25;11.09
2024-07;AZN-MRC75;24;11.09
2024-08;AZN-MRC75;23;11.09
2024-09;AZN-MRC75;18;11.09
2024-10;AZN-MRC75;11;11.09
2024-11;AZN-MRC75;9;11.09
2024-12;AZN-MRC75;8;11.09
2025-01;AZN-MRC75;8;11.24
2025-02;AZN-MRC75;8;11.24
2025-03;AZN-MRC75;11;11.24
2025-04;AZN-MRC75;15;11.24
2025-05;AZN-MRC75;21;11.24
2025-06;AZN-MRC75;27;11.24
2025-07;AZN-MRC75;25;11.24
2025-08;AZN-MRC75;25;11.24
2025-09;AZN-MRC75;19;11.24
2025-10;AZN-MRC75;12;11.24
2025-11;AZN-MRC75;9;11.24
2025-12;AZN-MRC75;8;11.24
2020-01;AZN-MRC150;5;12.80
2020-02;AZN-MRC150;4;12.80
2020-03;AZN-MRC150;7;12.80
2020-04;AZN-MRC150;9;12.80
2020-05;AZN-MRC150;13;12.80
2020-06;AZN-MRC150;14;12.80
2020-07;AZN-MRC150;16;12.80
2020-08;AZN-MRC150;15;12.80
2020-09;AZN-MRC150;10;12.80
2020-10;AZN-MRC150;7;12.80
2020-11;AZN-MRC150;6;12.80
2020-12;AZN-MRC150;4;12.80
2021-01;AZN-MRC150;5;12.98
2021-02;AZN-MRC150;5;12.98
2021-03;AZN-MRC150;7;12.98
2021-04;AZN-MRC150;10;12.98
2021-05;AZN-MRC150;12;12.98
2021-06;AZN-MRC150;15;12.98
2021-07;AZN-MRC150;17;12.98
2021-08;AZN-MRC150;16;12.98
2021-09;AZN-MRC150;11;12.98
2021-10;AZN-MRC150;8;12.98
2021-11;AZN-MRC150;6;12.98
2021-12;AZN-MRC150;5;12.98
2022-01;AZN-MRC150;6;13.16
2022-02;AZN-MRC150;5;13.16
2022-03;AZN-MRC150;8;13.16
2022-04;AZN-MRC150;11;13.16
2022-05;AZN-MRC150;12;13.16
2022-06;AZN-MRC150;16;13.16
2022-07;AZN-MRC150;18;13.16
2022-08;AZN-MRC150;15;13.16
2022-09;AZN-MRC150;12;13.16
2022-10;AZN-MRC150;8;13.16
2022-11;AZN-MRC150;6;13.16
2022-12;AZN-MRC150;5;13.16
2023-01;AZN-MRC150;5;13.34
2023-02;AZN-MRC150;5;13.34
2023-03;AZN-MRC150;8;13.34
2023-04;AZN-MRC150;10;13.34
2023-05;AZN-MRC150;13;13.34
2023-06;AZN-MRC150;17;13.34
2023-07;AZN-MRC150;19;13.34
2023-08;AZN-MRC150;16;13.34
2023-09;AZN-MRC150;12;13.34
2023-10;AZN-MRC150;9;13.34
2023-11;AZN-MRC150;6;13.34
2023-12;AZN-MRC150;5;13.34
2024-01;AZN-MRC150;6;13.52
2024-02;AZN-MRC150;6;13.52
2024-03;AZN-MRC150;9;13.52
2024-04;AZN-MRC150;11;13.52
2024-05;AZN-MRC150;14;13.52
2024-06;AZN-MRC150;18;13.52
2024-07;AZN-MRC150;18;13.52
2024-08;AZN-MRC150;17;13.52
2024-09;AZN-MRC150;13;13.52
2024-10;AZN-MRC150;8;13.52
2024-11;AZN-MRC150;6;13.52
2024-12;AZN-MRC150;6;13.52
2025-01;AZN-MRC150;6;13.70
2025-02;AZN-MRC150;6;13.70
2025-03;AZN-MRC150;10;13.70
2025-04;AZN-MRC150;11;13.70
2025-05;AZN-MRC150;15;13.70
2025-06;AZN-MRC150;20;13.70
2025-07;AZN-MRC150;19;13.70
2025-08;AZN-MRC150;18;13.70
2025-09;AZN-MRC150;14;13.70
2025-10;AZN-MRC150;9;13.70
2025-11;AZN-MRC150;7;13.70
2025-12;AZN-MRC150;6;13.70
2020-01;AZN-TAB40;6;7.20
2020-02;AZN-TAB40;6;7.20
2020-03;AZN-TAB40;8;7.20
2020-04;AZN-TAB40;11;7.20
2020-05;AZN-TAB40;15;7.20
2020-06;AZN-TAB40;19;7.20
2020-07;AZN-TAB40;18;7.20
2020-08;AZN-TAB40;18;7.20
2020-09;AZN-TAB40;14;7.20
2020-10;AZN-TAB40;9;7.20
2020-11;AZN-TAB40;7;7.20
2020-12;AZN-TAB40;6;7.20
2021-01;AZN-TAB40;6;7.30
2021-02;AZN-TAB40;6;7.30
2021-03;AZN-TAB40;8;7.30
2021-04;AZN-TAB40;12;7.30
2021-05;AZN-TAB40;16;7.30
2021-06;AZN-TAB40;17;7.30
2021-07;AZN-TAB40;19;7.30
2021-08;AZN-TAB40;19;7.30
2021-09;AZN-TAB40;13;7.30
2021-10;AZN-TAB40;9;7.30
2021-11;AZN-TAB40;7;7.30
2021-12;AZN-TAB40;6;7.30
2022-01;AZN-TAB40;7;7.40
2022-02;AZN-TAB40;7;7.40
2022-03;AZN-TAB40;9;7.40
2022-04;AZN-TAB40;12;7.40
2022-05;AZN-TAB40;17;7.40
2022-06;AZN-TAB40;18;7.40
2022-07;AZN-TAB40;21;7.40
2022-08;AZN-TAB40;20;7.40
2022-09;AZN-TAB40;13;7.40
2022-10;AZN-TAB40;10;7.40
2022-11;AZN-TAB40;7;7.40
2022-12;AZN-TAB40;6;7.40
2023-01;AZN-TAB40;7;7.50
2023-02;AZN-TAB40;6;7.50
2023-03;AZN-TAB40;10;7.50
2023-04;AZN-TAB40;13;7.50
2023-05;AZN-TAB40;15;7.50
2023-06;AZN-TAB40;20;7.50
2023-07;AZN-TAB40;22;7.50
2023-08;AZN-TAB40;21;7.50
2023-09;AZN-TAB40;14;7.50
2023-10;AZN-TAB40;10;7.50
2023-11;AZN-TAB40;8;7.50
2023-12;AZN-TAB40;6;7.50
2024-01;AZN-TAB40;8;7.60
2024-02;AZN-TAB40;6;7.60
2024-03;AZN-TAB40;10;7.60
2024-04;AZN-TAB40;14;7.60
2024-05;AZN-TAB40;16;7.60
2024-06;AZN-TAB40;21;7.60
2024-07;AZN-TAB40;23;7.60
2024-08;AZN-TAB40;19;7.60
2024-09;AZN-TAB40;15;7.60
2024-10;AZN-TAB40;11;7.60
2024-11;AZN-TAB40;7;7.60
2024-12;AZN-TAB40;7;7.60
2025-01;AZN-TAB40;7;7.70
2025-02;AZN-TAB40;7;7.70
2025-03;AZN-TAB40;11;7.70
2025-04;AZN-TAB40;13;7.70
2025-05;AZN-TAB40;17;7.70
2025-06;AZN-TAB40;22;7.70
2025-07;AZN-TAB40;25;7.70
2025-08;AZN-TAB40;21;7.70
2025-09;AZN-TAB40;16;7.70
2025-10;AZN-TAB40;12;7.70
2025-11;AZN-TAB40;8;7.70
2025-12;AZN-TAB40;7;7.70
2020-01;AMG-MRC75;3;14.80
2020-02;AMG-MRC75;3;14.80
2020-03;AMG-MRC75;4;14.80
2020-04;AMG-MRC75;5;14.80
2020-05;AMG-MRC75;7;14.80
2020-06;AMG-MRC75;9;14.80
2020-07;AMG-MRC75;8;14.80
2020-08;AMG-MRC75;8;14.80
2020-09;AMG-MRC75;6;14.80
2020-10;AMG-MRC75;4;14.80
2020-11;AMG-MRC75;3;14.80
2020-12;AMG-MRC75;3;14.80
2021-01;AMG-MRC75;3;15.01
2021-02;AMG-MRC75;3;15.01
2021-03;AMG-MRC75;4;15.01
2021-04;AMG-MRC75;5;15.01
2021-05;AMG-MRC75;7;15.01
2021-06;AMG-MRC75;8;15.01
2021-07;AMG-MRC75;9;15.01
2021-08;AMG-MRC75;9;15.01
2021-09;AMG-MRC75;7;15.01
2021-10;AMG-MRC75;4;15.01
2021-11;AMG-MRC75;3;15.01
2021-12;AMG-MRC75;3;15.01
2022-01;AMG-MRC75;3;15.21
2022-02;AMG-MRC75;3;15.21
2022-03;AMG-MRC75;4;15.21
2022-04;AMG-MRC75;6;15.21
2022-05;AMG-MRC75;8;15.21
2022-06;AMG-MRC75;9;15.21
2022-07;AMG-MRC75;10;15.21
2022-08;AMG-MRC75;9;15.21
2022-09;AMG-MRC75;6;15.21
2022-10;AMG-MRC75;5;15.21
2022-11;AMG-MRC75;3;15.21
2022-12;AMG-MRC75;3;15.21
2023-01;AMG-MRC75;3;15.42
2023-02;AMG-MRC75;3;15.42
2023-03;AMG-MRC75;5;15.42
2023-04;AMG-MRC75;6;15.42
2023-05;AMG-MRC75;8;15.42
2023-06;AMG-MRC75;9;15.42
2023-07;AMG-MRC75;10;15.42
2023-08;AMG-MRC75;10;15.42
2023-09;AMG-MRC75;7;15.42
2023-10;AMG-MRC75;5;15.42
2023-11;AMG-MRC75;4;15.42
2023-12;AMG-MRC75;3;15.42
2024-01;AMG-MRC75;4;15.63
2024-02;AMG-MRC75;3;15.63
2024-03;AMG-MRC75;5;15.63
2024-04;AMG-MRC75;7;15.63
2024-05;AMG-MRC75;8;15.63
2024-06;AMG-MRC75;10;15.63
2024-07;AMG-MRC75;11;15.63
2024-08;AMG-MRC75;9;15.63
2024-09;AMG-MRC75;7;15.63
2024-10;AMG-MRC75;5;15.63
2024-11;AMG-MRC75;4;15.63
2024-12;AMG-MRC75;3;15.63
2025-01;AMG-MRC75;3;15.84
2025-02;AMG-MRC75;3;15.84
2025-03;AMG-MRC75;5;15.84
2025-04;AMG-MRC75;7;15.84
2025-05;AMG-MRC75;8;15.84
2025-06;AMG-MRC75;11;15.84
2025-07;AMG-MRC75;12;15.84
2025-08;AMG-MRC75;10;15.84
2025-09;AMG-MRC75;8;15.84
2025-10;AMG-MRC75;6;15.84
2025-11;AMG-MRC75;4;15.84
2025-12;AMG-MRC75;3;15.84
2020-01;AZN-CASC;2;19.50
2020-02;AZN-CASC;2;19.50
2020-03;AZN-CASC;3;19.50
2020-04;AZN-CASC;4;19.50
2020-05;AZN-CASC;5;19.50
2020-06;AZN-CASC;7;19.50
2020-07;AZN-CASC;7;19.50
2020-08;AZN-CASC;6;19.50
2020-09;AZN-CASC;5;19.50
2020-10;AZN-CASC;3;19.50
2020-11;AZN-CASC;2;19.50
2020-12;AZN-CASC;2;19.50
2021-01;AZN-CASC;2;19.77
2021-02;AZN-CASC;2;19.77
2021-03;AZN-CASC;3;19.77
2021-04;AZN-CASC;4;19.77
2021-05;AZN-CASC;5;19.77
2021-06;AZN-CASC;7;19.77
2021-07;AZN-CASC;7;19.77
2021-08;AZN-CASC;7;19.77
2021-09;AZN-CASC;5;19.77
2021-10;AZN-CASC;3;19.77
2021-11;AZN-CASC;2;19.77
2021-12;AZN-CASC;2;19.77
2022-01;AZN-CASC;2;20.05
2022-02;AZN-CASC;2;20.05
2022-03;AZN-CASC;4;20.05
2022-04;AZN-CASC;4;20.05
2022-05;AZN-CASC;6;20.05
2022-06;AZN-CASC;7;20.05
2022-07;AZN-CASC;7;20.05
2022-08;AZN-CASC;7;20.05
2022-09;AZN-CASC;5;20.05
2022-10;AZN-CASC;3;20.05
2022-11;AZN-CASC;3;20.05
2022-12;AZN-CASC;2;20.05
2023-01;AZN-CASC;2;20.32
2023-02;AZN-CASC;2;20.32
2023-03;AZN-CASC;3;20.32
2023-04;AZN-CASC;5;20.32
2023-05;AZN-CASC;6;20.32
2023-06;AZN-CASC;7;20.32
2023-07;AZN-CASC;8;20.32
2023-08;AZN-CASC;7;20.32
2023-09;AZN-CASC;6;20.32
2023-10;AZN-CASC;4;20.32
2023-11;AZN-CASC;3;20.32
2023-12;AZN-CASC;2;20.32
2024-01;AZN-CASC;3;20.59
2024-02;AZN-CASC;3;20.59
2024-03;AZN-CASC;4;20.59
2024-04;AZN-CASC;5;20.59
2024-05;AZN-CASC;7;20.59
2024-06;AZN-CASC;7;20.59
2024-07;AZN-CASC;8;20.59
2024-08;AZN-CASC;8;20.59
2024-09;AZN-CASC;5;20.59
2024-10;AZN-CASC;4;20.59
2024-11;AZN-CASC;3;20.59
2024-12;AZN-CASC;2;20.59
2025-01;AZN-CASC;3;20.87
2025-02;AZN-CASC;2;20.87
2025-03;AZN-CASC;4;20.87
2025-04;AZN-CASC;5;20.87
2025-05;AZN-CASC;6;20.87
2025-06;AZN-CASC;8;20.87
2025-07;AZN-CASC;9;20.87
2025-08;AZN-CASC;8;20.87
2025-09;AZN-CASC;6;20.87
2025-10;AZN-CASC;4;20.87
2025-11;AZN-CASC;3;20.87
2025-12;AZN-CASC;2;20.87
2020-01;HLC-MRC-B1;2;95.00
2020-02;HLC-MRC-B1;2;95.00
2020-03;HLC-MRC-B1;3;95.00
2020-04;HLC-MRC-B1;4;95.00
2020-05;HLC-MRC-B1;5;95.00
2020-06;HLC-MRC-B1;7;95.00
2020-07;HLC-MRC-B1;7;95.00
2020-08;HLC-MRC-B1;6;95.00
2020-09;HLC-MRC-B1;5;95.00
2020-10;HLC-MRC-B1;3;95.00
2020-11;HLC-MRC-B1;2;95.00
2020-12;HLC-MRC-B1;2;95.00
2021-01;HLC-MRC-B1;2;96.33
2021-02;HLC-MRC-B1;2;96.33
2021-03;HLC-MRC-B1;4;96.33
2021-04;HLC-MRC-B1;4;96.33
2021-05;HLC-MRC-B1;6;96.33
2021-06;HLC-MRC-B1;7;96.33
2021-07;HLC-MRC-B1;7;96.33
2021-08;HLC-MRC-B1;7;96.33
2021-09;HLC-MRC-B1;5;96.33
2021-10;HLC-MRC-B1;3;96.33
2021-11;HLC-MRC-B1;2;96.33
2021-12;HLC-MRC-B1;2;96.33
2022-01;HLC-MRC-B1;2;97.66
2022-02;HLC-MRC-B1;2;97.66
2022-03;HLC-MRC-B1;3;97.66
2022-04;HLC-MRC-B1;4;97.66
2022-05;HLC-MRC-B1;6;97.66
2022-06;HLC-MRC-B1;8;97.66
2022-07;HLC-MRC-B1;7;97.66
2022-08;HLC-MRC-B1;7;97.66
2022-09;HLC-MRC-B1;6;97.66
2022-10;HLC-MRC-B1;4;97.66
2022-11;HLC-MRC-B1;3;97.66
2022-12;HLC-MRC-B1;2;97.66
2023-01;HLC-MRC-B1;3;98.99
2023-02;HLC-MRC-B1;3;98.99
2023-03;HLC-MRC-B1;4;98.99
2023-04;HLC-MRC-B1;5;98.99
2023-05;HLC-MRC-B1;7;98.99
2023-06;HLC-MRC-B1;7;98.99
2023-07;HLC-MRC-B1;8;98.99
2023-08;HLC-MRC-B1;8;98.99
2023-09;HLC-MRC-B1;5;98.99
2023-10;HLC-MRC-B1;4;98.99
2023-11;HLC-MRC-B1;3;98.99
2023-12;HLC-MRC-B1;3;98.99
2024-01;HLC-MRC-B1;3;100.32
2024-02;HLC-MRC-B1;3;100.32
2024-03;HLC-MRC-B1;4;100.32
2024-04;HLC-MRC-B1;5;100.32
2024-05;HLC-MRC-B1;7;100.32
2024-06;HLC-MRC-B1;8;100.32
2024-07;HLC-MRC-B1;9;100.32
2024-08;HLC-MRC-B1;8;100.32
2024-09;HLC-MRC-B1;6;100.32
2024-10;HLC-MRC-B1;4;100.32
2024-11;HLC-MRC-B1;3;100.32
2024-12;HLC-MRC-B1;2;100.32
2025-01;HLC-MRC-B1;3;101.65
2025-02;HLC-MRC-B1;3;101.65
2025-03;HLC-MRC-B1;4;101.65
2025-04;HLC-MRC-B1;6;101.65
2025-05;HLC-MRC-B1;7;101.65
2025-06;HLC-MRC-B1;8;101.65
2025-07;HLC-MRC-B1;9;101.65
2025-08;HLC-MRC-B1;9;101.65
2025-09;HLC-MRC-B1;6;101.65
2025-10;HLC-MRC-B1;4;101.65
2025-11;HLC-MRC-B1;3;101.65
2025-12;HLC-MRC-B1;3;101.65
2020-01;HLC-MRC-B2;2;108.00
2020-02;HLC-MRC-B2;2;108.00
2020-03;HLC-MRC-B2;2;108.00
2020-04;HLC-MRC-B2;3;108.00
2020-05;HLC-MRC-B2;4;108.00
2020-06;HLC-MRC-B2;5;108.00
2020-07;HLC-MRC-B2;5;108.00
2020-08;HLC-MRC-B2;5;108.00
2020-09;HLC-MRC-B2;4;108.00
2020-10;HLC-MRC-B2;3;108.00
2020-11;HLC-MRC-B2;2;108.00
2020-12;HLC-MRC-B2;2;108.00
2021-01;HLC-MRC-B2;2;109.51
2021-02;HLC-MRC-B2;2;109.51
2021-03;HLC-MRC-B2;3;109.51
2021-04;HLC-MRC-B2;3;109.51
2021-05;HLC-MRC-B2;4;109.51
2021-06;HLC-MRC-B2;5;109.51
2021-07;HLC-MRC-B2;5;109.51
2021-08;HLC-MRC-B2;5;109.51
2021-09;HLC-MRC-B2;4;109.51
2021-10;HLC-MRC-B2;2;109.51
2021-11;HLC-MRC-B2;2;109.51
2021-12;HLC-MRC-B2;2;109.51
2022-01;HLC-MRC-B2;2;111.02
2022-02;HLC-MRC-B2;2;111.02
2022-03;HLC-MRC-B2;2;111.02
2022-04;HLC-MRC-B2;3;111.02
2022-05;HLC-MRC-B2;5;111.02
2022-06;HLC-MRC-B2;5;111.02
2022-07;HLC-MRC-B2;6;111.02
2022-08;HLC-MRC-B2;5;111.02
2022-09;HLC-MRC-B2;4;111.02
2022-10;HLC-MRC-B2;3;111.02
2022-11;HLC-MRC-B2;2;111.02
2022-12;HLC-MRC-B2;2;111.02
2023-01;HLC-MRC-B2;2;112.54
2023-02;HLC-MRC-B2;2;112.54
2023-03;HLC-MRC-B2;3;112.54
2023-04;HLC-MRC-B2;4;112.54
2023-05;HLC-MRC-B2;5;112.54
2023-06;HLC-MRC-B2;5;112.54
2023-07;HLC-MRC-B2;6;112.54
2023-08;HLC-MRC-B2;6;112.54
2023-09;HLC-MRC-B2;4;112.54
2023-10;HLC-MRC-B2;3;112.54
2023-11;HLC-MRC-B2;2;112.54
2023-12;HLC-MRC-B2;2;112.54
2024-01;HLC-MRC-B2;2;114.05
2024-02;HLC-MRC-B2;2;114.05
2024-03;HLC-MRC-B2;3;114.05
2024-04;HLC-MRC-B2;4;114.05
2024-05;HLC-MRC-B2;5;114.05
2024-06;HLC-MRC-B2;6;114.05
2024-07;HLC-MRC-B2;6;114.05
2024-08;HLC-MRC-B2;6;114.05
2024-09;HLC-MRC-B2;4;114.05
2024-10;HLC-MRC-B2;3;114.05
2024-11;HLC-MRC-B2;2;114.05
2024-12;HLC-MRC-B2;2;114.05
2025-01;HLC-MRC-B2;2;115.56
2025-02;HLC-MRC-B2;2;115.56
2025-03;HLC-MRC-B2;3;115.56
2025-04;HLC-MRC-B2;4;115.56
2025-05;HLC-MRC-B2;5;115.56
2025-06;HLC-MRC-B2;6;115.56
2025-07;HLC-MRC-B2;7;115.56
2025-08;HLC-MRC-B2;6;115.56
2025-09;HLC-MRC-B2;4;115.56
2025-10;HLC-MRC-B2;3;115.56
2025-11;HLC-MRC-B2;2;115.56
2025-12;HLC-MRC-B2;2;115.56
2020-01;HLC-MRC-B3;2;102.00
2020-02;HLC-MRC-B3;2;102.00
2020-03;HLC-MRC-B3;2;102.00
2020-04;HLC-MRC-B3;3;102.00
2020-05;HLC-MRC-B3;4;102.00
2020-06;HLC-MRC-B3;5;102.00
2020-07;HLC-MRC-B3;5;102.00
2020-08;HLC-MRC-B3;5;102.00
2020-09;HLC-MRC-B3;4;102.00
2020-10;HLC-MRC-B3;2;102.00
2020-11;HLC-MRC-B3;2;102.00
2020-12;HLC-MRC-B3;2;102.00
2021-01;HLC-MRC-B3;2;103.43
2021-02;HLC-MRC-B3;2;103.43
2021-03;HLC-MRC-B3;2;103.43
2021-04;HLC-MRC-B3;3;103.43
2021-05;HLC-MRC-B3;4;103.43
2021-06;HLC-MRC-B3;5;103.43
2021-07;HLC-MRC-B3;5;103.43
2021-08;HLC-MRC-B3;5;103.43
2021-09;HLC-MRC-B3;4;103.43
2021-10;HLC-MRC-B3;2;103.43
2021-11;HLC-MRC-B3;2;103.43
2021-12;HLC-MRC-B3;2;103.43
2022-01;HLC-MRC-B3;2;104.86
2022-02;HLC-MRC-B3;2;104.86
2022-03;HLC-MRC-B3;2;104.86
2022-04;HLC-MRC-B3;3;104.86
2022-05;HLC-MRC-B3;5;104.86
2022-06;HLC-MRC-B3;5;104.86
2022-07;HLC-MRC-B3;6;104.86
2022-08;HLC-MRC-B3;5;104.86
2022-09;HLC-MRC-B3;4;104.86
2022-10;HLC-MRC-B3;3;104.86
2022-11;HLC-MRC-B3;2;104.86
2022-12;HLC-MRC-B3;2;104.86
2023-01;HLC-MRC-B3;2;106.28
2023-02;HLC-MRC-B3;2;106.28
2023-03;HLC-MRC-B3;3;106.28
2023-04;HLC-MRC-B3;4;106.28
2023-05;HLC-MRC-B3;5;106.28
2023-06;HLC-MRC-B3;5;106.28
2023-07;HLC-MRC-B3;6;106.28
2023-08;HLC-MRC-B3;6;106.28
2023-09;HLC-MRC-B3;4;106.28
2023-10;HLC-MRC-B3;3;106.28
2023-11;HLC-MRC-B3;2;106.28
2023-12;HLC-MRC-B3;2;106.28
2024-01;HLC-MRC-B3;2;107.71
2024-02;HLC-MRC-B3;2;107.71
2024-03;HLC-MRC-B3;3;107.71
2024-04;HLC-MRC-B3;4;107.71
2024-05;HLC-MRC-B3;4;107.71
2024-06;HLC-MRC-B3;6;107.71
2024-07;HLC-MRC-B3;6;107.71
2024-08;HLC-MRC-B3;6;107.71
2024-09;HLC-MRC-B3;4;107.71
2024-10;HLC-MRC-B3;3;107.71
2024-11;HLC-MRC-B3;2;107.71
2024-12;HLC-MRC-B3;2;107.71
2025-01;HLC-MRC-B3;2;109.14
2025-02;HLC-MRC-B3;2;109.14
2025-03;HLC-MRC-B3;3;109.14
2025-04;HLC-MRC-B3;4;109.14
2025-05;HLC-MRC-B3;5;109.14
2025-06;HLC-MRC-B3;6;109.14
2025-07;HLC-MRC-B3;7;109.14
2025-08;HLC-MRC-B3;6;109.14
2025-09;HLC-MRC-B3;4;109.14
2025-10;HLC-MRC-B3;3;109.14
2025-11;HLC-MRC-B3;2;109.14
2025-12;HLC-MRC-B3;2;109.14
2020-01;HLC-MRC-SS1;1;280.00
2020-02;HLC-MRC-SS1;1;280.00
2020-03;HLC-MRC-SS1;2;280.00
2020-04;HLC-MRC-SS1;2;280.00
2020-05;HLC-MRC-SS1;3;280.00
2020-06;HLC-MRC-SS1;3;280.00
2020-07;HLC-MRC-SS1;4;280.00
2020-08;HLC-MRC-SS1;3;280.00
2020-09;HLC-MRC-SS1;2;280.00
2020-10;HLC-MRC-SS1;2;280.00
2020-11;HLC-MRC-SS1;1;280.00
2020-12;HLC-MRC-SS1;1;280.00
2021-01;HLC-MRC-SS1;1;283.92
2021-02;HLC-MRC-SS1;1;283.92
2021-03;HLC-MRC-SS1;2;283.92
2021-04;HLC-MRC-SS1;2;283.92
2021-05;HLC-MRC-SS1;3;283.92
2021-06;HLC-MRC-SS1;4;283.92
2021-07;HLC-MRC-SS1;3;283.92
2021-08;HLC-MRC-SS1;3;283.92
2021-09;HLC-MRC-SS1;3;283.92
2021-10;HLC-MRC-SS1;2;283.92
2021-11;HLC-MRC-SS1;1;283.92
2021-12;HLC-MRC-SS1;1;283.92
2022-01;HLC-MRC-SS1;1;287.84
2022-02;HLC-MRC-SS1;1;287.84
2022-03;HLC-MRC-SS1;2;287.84
2022-04;HLC-MRC-SS1;2;287.84
2022-05;HLC-MRC-SS1;3;287.84
2022-06;HLC-MRC-SS1;4;287.84
2022-07;HLC-MRC-SS1;4;287.84
2022-08;HLC-MRC-SS1;4;287.84
2022-09;HLC-MRC-SS1;3;287.84
2022-10;HLC-MRC-SS1;2;287.84
2022-11;HLC-MRC-SS1;1;287.84
2022-12;HLC-MRC-SS1;1;287.84
2023-01;HLC-MRC-SS1;1;291.76
2023-02;HLC-MRC-SS1;1;291.76
2023-03;HLC-MRC-SS1;2;291.76
2023-04;HLC-MRC-SS1;2;291.76
2023-05;HLC-MRC-SS1;3;291.76
2023-06;HLC-MRC-SS1;4;291.76
2023-07;HLC-MRC-SS1;4;291.76
2023-08;HLC-MRC-SS1;4;291.76
2023-09;HLC-MRC-SS1;3;291.76
2023-10;HLC-MRC-SS1;2;291.76
2023-11;HLC-MRC-SS1;1;291.76
2023-12;HLC-MRC-SS1;1;291.76
2024-01;HLC-MRC-SS1;1;295.68
2024-02;HLC-MRC-SS1;1;295.68
2024-03;HLC-MRC-SS1;2;295.68
2024-04;HLC-MRC-SS1;3;295.68
2024-05;HLC-MRC-SS1;4;295.68
2024-06;HLC-MRC-SS1;4;295.68
2024-07;HLC-MRC-SS1;5;295.68
2024-08;HLC-MRC-SS1;4;295.68
2024-09;HLC-MRC-SS1;3;295.68
2024-10;HLC-MRC-SS1;2;295.68
2024-11;HLC-MRC-SS1;2;295.68
2024-12;HLC-MRC-SS1;1;295.68
2025-01;HLC-MRC-SS1;2;299.60
2025-02;HLC-MRC-SS1;1;299.60
2025-03;HLC-MRC-SS1;2;299.60
2025-04;HLC-MRC-SS1;3;299.60
2025-05;HLC-MRC-SS1;3;299.60
2025-06;HLC-MRC-SS1;4;299.60
2025-07;HLC-MRC-SS1;5;299.60
2025-08;HLC-MRC-SS1;5;299.60
2025-09;HLC-MRC-SS1;3;299.60
2025-10;HLC-MRC-SS1;2;299.60
2025-11;HLC-MRC-SS1;2;299.60
2025-12;HLC-MRC-SS1;1;299.60
2020-01;HLC-MRC-SS2;1;445.00
2020-02;HLC-MRC-SS2;1;445.00
2020-03;HLC-MRC-SS2;1;445.00
2020-04;HLC-MRC-SS2;1;445.00
2020-05;HLC-MRC-SS2;1;445.00
2020-06;HLC-MRC-SS2;2;445.00
2020-07;HLC-MRC-SS2;2;445.00
2020-08;HLC-MRC-SS2;2;445.00
2020-09;HLC-MRC-SS2;1;445.00
2020-10;HLC-MRC-SS2;1;445.00
2020-11;HLC-MRC-SS2;1;445.00
2020-12;HLC-MRC-SS2;1;445.00
2021-01;HLC-MRC-SS2;1;451.23
2021-02;HLC-MRC-SS2;1;451.23
2021-03;HLC-MRC-SS2;1;451.23
2021-04;HLC-MRC-SS2;1;451.23
2021-05;HLC-MRC-SS2;1;451.23
2021-06;HLC-MRC-SS2;2;451.23
2021-07;HLC-MRC-SS2;2;451.23
2021-08;HLC-MRC-SS2;2;451.23
2021-09;HLC-MRC-SS2;1;451.23
2021-10;HLC-MRC-SS2;1;451.23
2021-11;HLC-MRC-SS2;1;451.23
2021-12;HLC-MRC-SS2;1;451.23
2022-01;HLC-MRC-SS2;1;457.46
2022-02;HLC-MRC-SS2;1;457.46
2022-03;HLC-MRC-SS2;1;457.46
2022-04;HLC-MRC-SS2;1;457.46
2022-05;HLC-MRC-SS2;2;457.46
2022-06;HLC-MRC-SS2;2;457.46
2022-07;HLC-MRC-SS2;2;457.46
2022-08;HLC-MRC-SS2;2;457.46
2022-09;HLC-MRC-SS2;1;457.46
2022-10;HLC-MRC-SS2;1;457.46
2022-11;HLC-MRC-SS2;1;457.46
2022-12;HLC-MRC-SS2;1;457.46
2023-01;HLC-MRC-SS2;1;463.69
2023-02;HLC-MRC-SS2;1;463.69
2023-03;HLC-MRC-SS2;1;463.69
2023-04;HLC-MRC-SS2;1;463.69
2023-05;HLC-MRC-SS2;2;463.69
2023-06;HLC-MRC-SS2;2;463.69
2023-07;HLC-MRC-SS2;2;463.69
2023-08;HLC-MRC-SS2;2;463.69
2023-09;HLC-MRC-SS2;1;463.69
2023-10;HLC-MRC-SS2;1;463.69
2023-11;HLC-MRC-SS2;1;463.69
2023-12;HLC-MRC-SS2;1;463.69
2024-01;HLC-MRC-SS2;1;469.92
2024-02;HLC-MRC-SS2;1;469.92
2024-03;HLC-MRC-SS2;1;469.92
2024-04;HLC-MRC-SS2;1;469.92
2024-05;HLC-MRC-SS2;2;469.92
2024-06;HLC-MRC-SS2;2;469.92
2024-07;HLC-MRC-SS2;2;469.92
2024-08;HLC-MRC-SS2;2;469.92
2024-09;HLC-MRC-SS2;1;469.92
2024-10;HLC-MRC-SS2;1;469.92
2024-11;HLC-MRC-SS2;1;469.92
2024-12;HLC-MRC-SS2;1;469.92
2025-01;HLC-MRC-SS2;1;476.15
2025-02;HLC-MRC-SS2;1;476.15
2025-03;HLC-MRC-SS2;1;476.15
2025-04;HLC-MRC-SS2;1;476.15
2025-05;HLC-MRC-SS2;2;476.15
2025-06;HLC-MRC-SS2;2;476.15
2025-07;HLC-MRC-SS2;2;476.15
2025-08;HLC-MRC-SS2;2;476.15
2025-09;HLC-MRC-SS2;2;476.15
2025-10;HLC-MRC-SS2;1;476.15
2025-11;HLC-MRC-SS2;1;476.15
2025-12;HLC-MRC-SS2;1;476.15
2020-01;MRC-TSTAT;7;19.50
2020-02;MRC-TSTAT;6;19.50
2020-03;MRC-TSTAT;8;19.50
2020-04;MRC-TSTAT;9;19.50
2020-05;MRC-TSTAT;9;19.50
2020-06;MRC-TSTAT;10;19.50
2020-07;MRC-TSTAT;10;19.50
2020-08;MRC-TSTAT;8;19.50
2020-09;MRC-TSTAT;8;19.50
2020-10;MRC-TSTAT;8;19.50
2020-11;MRC-TSTAT;8;19.50
2020-12;MRC-TSTAT;6;19.50
2021-01;MRC-TSTAT;7;19.77
2021-02;MRC-TSTAT;7;19.77
2021-03;MRC-TSTAT;8;19.77
2021-04;MRC-TSTAT;10;19.77
2021-05;MRC-TSTAT;9;19.77
2021-06;MRC-TSTAT;10;19.77
2021-07;MRC-TSTAT;11;19.77
2021-08;MRC-TSTAT;9;19.77
2021-09;MRC-TSTAT;9;19.77
2021-10;MRC-TSTAT;9;19.77
2021-11;MRC-TSTAT;7;19.77
2021-12;MRC-TSTAT;7;19.77
2022-01;MRC-TSTAT;7;20.05
2022-02;MRC-TSTAT;7;20.05
2022-03;MRC-TSTAT;9;20.05
2022-04;MRC-TSTAT;9;20.05
2022-05;MRC-TSTAT;10;20.05
2022-06;MRC-TSTAT;11;20.05
2022-07;MRC-TSTAT;10;20.05
2022-08;MRC-TSTAT;10;20.05
2022-09;MRC-TSTAT;10;20.05
2022-10;MRC-TSTAT;10;20.05
2022-11;MRC-TSTAT;8;20.05
2022-12;MRC-TSTAT;7;20.05
2023-01;MRC-TSTAT;8;20.32
2023-02;MRC-TSTAT;8;20.32
2023-03;MRC-TSTAT;10;20.32
2023-04;MRC-TSTAT;10;20.32
2023-05;MRC-TSTAT;11;20.32
2023-06;MRC-TSTAT;12;20.32
2023-07;MRC-TSTAT;11;20.32
2023-08;MRC-TSTAT;11;20.32
2023-09;MRC-TSTAT;10;20.32
2023-10;MRC-TSTAT;9;20.32
2023-11;MRC-TSTAT;8;20.32
2023-12;MRC-TSTAT;8;20.32
2024-01;MRC-TSTAT;9;20.59
2024-02;MRC-TSTAT;9;20.59
2024-03;MRC-TSTAT;9;20.59
2024-04;MRC-TSTAT;11;20.59
2024-05;MRC-TSTAT;12;20.59
2024-06;MRC-TSTAT;13;20.59
2024-07;MRC-TSTAT;11;20.59
2024-08;MRC-TSTAT;11;20.59
2024-09;MRC-TSTAT;11;20.59
2024-10;MRC-TSTAT;10;20.59
2024-11;MRC-TSTAT;9;20.59
2024-12;MRC-TSTAT;9;20.59
2025-01;MRC-TSTAT;9;20.87
2025-02;MRC-TSTAT;9;20.87
2025-03;MRC-TSTAT;10;20.87
2025-04;MRC-TSTAT;11;20.87
2025-05;MRC-TSTAT;13;20.87
2025-06;MRC-TSTAT;12;20.87
2025-07;MRC-TSTAT;12;20.87
2025-08;MRC-TSTAT;12;20.87
2025-09;MRC-TSTAT;10;20.87
2025-10;MRC-TSTAT;10;20.87
2025-11;MRC-TSTAT;10;20.87
2025-12;MRC-TSTAT;9;20.87
2020-01;MRC-TBOMBA;4;34.00
2020-02;MRC-TBOMBA;3;34.00
2020-03;MRC-TBOMBA;4;34.00
2020-04;MRC-TBOMBA;4;34.00
2020-05;MRC-TBOMBA;5;34.00
2020-06;MRC-TBOMBA;5;34.00
2020-07;MRC-TBOMBA;5;34.00
2020-08;MRC-TBOMBA;5;34.00
2020-09;MRC-TBOMBA;5;34.00
2020-10;MRC-TBOMBA;4;34.00
2020-11;MRC-TBOMBA;4;34.00
2020-12;MRC-TBOMBA;3;34.00
2021-01;MRC-TBOMBA;4;34.48
2021-02;MRC-TBOMBA;4;34.48
2021-03;MRC-TBOMBA;4;34.48
2021-04;MRC-TBOMBA;5;34.48
2021-05;MRC-TBOMBA;5;34.48
2021-06;MRC-TBOMBA;5;34.48
2021-07;MRC-TBOMBA;5;34.48
2021-08;MRC-TBOMBA;5;34.48
2021-09;MRC-TBOMBA;4;34.48
2021-10;MRC-TBOMBA;4;34.48
2021-11;MRC-TBOMBA;4;34.48
2021-12;MRC-TBOMBA;3;34.48
2022-01;MRC-TBOMBA;4;34.95
2022-02;MRC-TBOMBA;3;34.95
2022-03;MRC-TBOMBA;4;34.95
2022-04;MRC-TBOMBA;5;34.95
2022-05;MRC-TBOMBA;5;34.95
2022-06;MRC-TBOMBA;5;34.95
2022-07;MRC-TBOMBA;5;34.95
2022-08;MRC-TBOMBA;5;34.95
2022-09;MRC-TBOMBA;4;34.95
2022-10;MRC-TBOMBA;4;34.95
2022-11;MRC-TBOMBA;4;34.95
2022-12;MRC-TBOMBA;3;34.95
2023-01;MRC-TBOMBA;4;35.43
2023-02;MRC-TBOMBA;4;35.43
2023-03;MRC-TBOMBA;5;35.43
2023-04;MRC-TBOMBA;5;35.43
2023-05;MRC-TBOMBA;5;35.43
2023-06;MRC-TBOMBA;6;35.43
2023-07;MRC-TBOMBA;6;35.43
2023-08;MRC-TBOMBA;5;35.43
2023-09;MRC-TBOMBA;5;35.43
2023-10;MRC-TBOMBA;5;35.43
2023-11;MRC-TBOMBA;4;35.43
2023-12;MRC-TBOMBA;4;35.43
2024-01;MRC-TBOMBA;5;35.90
2024-02;MRC-TBOMBA;4;35.90
2024-03;MRC-TBOMBA;5;35.90
2024-04;MRC-TBOMBA;6;35.90
2024-05;MRC-TBOMBA;5;35.90
2024-06;MRC-TBOMBA;6;35.90
2024-07;MRC-TBOMBA;6;35.90
2024-08;MRC-TBOMBA;5;35.90
2024-09;MRC-TBOMBA;5;35.90
2024-10;MRC-TBOMBA;5;35.90
2024-11;MRC-TBOMBA;4;35.90
2024-12;MRC-TBOMBA;4;35.90
2025-01;MRC-TBOMBA;4;36.38
2025-02;MRC-TBOMBA;4;36.38
2025-03;MRC-TBOMBA;5;36.38
2025-04;MRC-TBOMBA;5;36.38
2025-05;MRC-TBOMBA;6;36.38
2025-06;MRC-TBOMBA;6;36.38
2025-07;MRC-TBOMBA;6;36.38
2025-08;MRC-TBOMBA;6;36.38
2025-09;MRC-TBOMBA;5;36.38
2025-10;MRC-TBOMBA;5;36.38
2025-11;MRC-TBOMBA;4;36.38
2025-12;MRC-TBOMBA;4;36.38
2020-01;SIR-KIT-WP;6;42.00
2020-02;SIR-KIT-WP;5;42.00
2020-03;SIR-KIT-WP;6;42.00
2020-04;SIR-KIT-WP;7;42.00
2020-05;SIR-KIT-WP;6;42.00
2020-06;SIR-KIT-WP;7;42.00
2020-07;SIR-KIT-WP;7;42.00
2020-08;SIR-KIT-WP;7;42.00
2020-09;SIR-KIT-WP;6;42.00
2020-10;SIR-KIT-WP;6;42.00
2020-11;SIR-KIT-WP;6;42.00
2020-12;SIR-KIT-WP;5;42.00
2021-01;SIR-KIT-WP;6;42.59
2021-02;SIR-KIT-WP;5;42.59
2021-03;SIR-KIT-WP;6;42.59
2021-04;SIR-KIT-WP;7;42.59
2021-05;SIR-KIT-WP;7;42.59
2021-06;SIR-KIT-WP;8;42.59
2021-07;SIR-KIT-WP;8;42.59
2021-08;SIR-KIT-WP;7;42.59
2021-09;SIR-KIT-WP;7;42.59
2021-10;SIR-KIT-WP;7;42.59
2021-11;SIR-KIT-WP;5;42.59
2021-12;SIR-KIT-WP;5;42.59
2022-01;SIR-KIT-WP;6;43.18
2022-02;SIR-KIT-WP;5;43.18
2022-03;SIR-KIT-WP;7;43.18
2022-04;SIR-KIT-WP;8;43.18
2022-05;SIR-KIT-WP;8;43.18
2022-06;SIR-KIT-WP;8;43.18
2022-07;SIR-KIT-WP;8;43.18
2022-08;SIR-KIT-WP;7;43.18
2022-09;SIR-KIT-WP;7;43.18
2022-10;SIR-KIT-WP;7;43.18
2022-11;SIR-KIT-WP;6;43.18
2022-12;SIR-KIT-WP;6;43.18
2023-01;SIR-KIT-WP;6;43.76
2023-02;SIR-KIT-WP;6;43.76
2023-03;SIR-KIT-WP;7;43.76
2023-04;SIR-KIT-WP;7;43.76
2023-05;SIR-KIT-WP;8;43.76
2023-06;SIR-KIT-WP;9;43.76
2023-07;SIR-KIT-WP;8;43.76
2023-08;SIR-KIT-WP;8;43.76
2023-09;SIR-KIT-WP;8;43.76
2023-10;SIR-KIT-WP;8;43.76
2023-11;SIR-KIT-WP;6;43.76
2023-12;SIR-KIT-WP;6;43.76
2024-01;SIR-KIT-WP;6;44.35
2024-02;SIR-KIT-WP;6;44.35
2024-03;SIR-KIT-WP;8;44.35
2024-04;SIR-KIT-WP;8;44.35
2024-05;SIR-KIT-WP;9;44.35
2024-06;SIR-KIT-WP;10;44.35
2024-07;SIR-KIT-WP;8;44.35
2024-08;SIR-KIT-WP;8;44.35
2024-09;SIR-KIT-WP;8;44.35
2024-10;SIR-KIT-WP;7;44.35
2024-11;SIR-KIT-WP;7;44.35
2024-12;SIR-KIT-WP;6;44.35
2025-01;SIR-KIT-WP;7;44.94
2025-02;SIR-KIT-WP;7;44.94
2025-03;SIR-KIT-WP;7;44.94
2025-04;SIR-KIT-WP;9;44.94
2025-05;SIR-KIT-WP;10;44.94
2025-06;SIR-KIT-WP;9;44.94
2025-07;SIR-KIT-WP;9;44.94
2025-08;SIR-KIT-WP;9;44.94
2025-09;SIR-KIT-WP;9;44.94
2025-10;SIR-KIT-WP;8;44.94
2025-11;SIR-KIT-WP;7;44.94
2025-12;SIR-KIT-WP;7;44.94
2020-01;MRC-KIT-WP;5;52.00
2020-02;MRC-KIT-WP;4;52.00
2020-03;MRC-KIT-WP;5;52.00
2020-04;MRC-KIT-WP;6;52.00
2020-05;MRC-KIT-WP;5;52.00
2020-06;MRC-KIT-WP;6;52.00
2020-07;MRC-KIT-WP;6;52.00
2020-08;MRC-KIT-WP;5;52.00
2020-09;MRC-KIT-WP;5;52.00
2020-10;MRC-KIT-WP;5;52.00
2020-11;MRC-KIT-WP;4;52.00
2020-12;MRC-KIT-WP;4;52.00
2021-01;MRC-KIT-WP;4;52.73
2021-02;MRC-KIT-WP;4;52.73
2021-03;MRC-KIT-WP;5;52.73
2021-04;MRC-KIT-WP;5;52.73
2021-05;MRC-KIT-WP;6;52.73
2021-06;MRC-KIT-WP;7;52.73
2021-07;MRC-KIT-WP;7;52.73
2021-08;MRC-KIT-WP;6;52.73
2021-09;MRC-KIT-WP;6;52.73
2021-10;MRC-KIT-WP;6;52.73
2021-11;MRC-KIT-WP;4;52.73
2021-12;MRC-KIT-WP;4;52.73
2022-01;MRC-KIT-WP;5;53.46
2022-02;MRC-KIT-WP;5;53.46
2022-03;MRC-KIT-WP;6;53.46
2022-04;MRC-KIT-WP;6;53.46
2022-05;MRC-KIT-WP;6;53.46
2022-06;MRC-KIT-WP;7;53.46
2022-07;MRC-KIT-WP;6;53.46
2022-08;MRC-KIT-WP;6;53.46
2022-09;MRC-KIT-WP;6;53.46
2022-10;MRC-KIT-WP;5;53.46
2022-11;MRC-KIT-WP;5;53.46
2022-12;MRC-KIT-WP;5;53.46
2023-01;MRC-KIT-WP;5;54.18
2023-02;MRC-KIT-WP;5;54.18
2023-03;MRC-KIT-WP;6;54.18
2023-04;MRC-KIT-WP;6;54.18
2023-05;MRC-KIT-WP;7;54.18
2023-06;MRC-KIT-WP;8;54.18
2023-07;MRC-KIT-WP;7;54.18
2023-08;MRC-KIT-WP;7;54.18
2023-09;MRC-KIT-WP;7;54.18
2023-10;MRC-KIT-WP;6;54.18
2023-11;MRC-KIT-WP;5;54.18
2023-12;MRC-KIT-WP;5;54.18
2024-01;MRC-KIT-WP;6;54.91
2024-02;MRC-KIT-WP;5;54.91
2024-03;MRC-KIT-WP;6;54.91
2024-04;MRC-KIT-WP;7;54.91
2024-05;MRC-KIT-WP;8;54.91
2024-06;MRC-KIT-WP;7;54.91
2024-07;MRC-KIT-WP;7;54.91
2024-08;MRC-KIT-WP;7;54.91
2024-09;MRC-KIT-WP;7;54.91
2024-10;MRC-KIT-WP;6;54.91
2024-11;MRC-KIT-WP;6;54.91
2024-12;MRC-KIT-WP;5;54.91
2025-01;MRC-KIT-WP;6;55.64
2025-02;MRC-KIT-WP;6;55.64
2025-03;MRC-KIT-WP;6;55.64
2025-04;MRC-KIT-WP;7;55.64
2025-05;MRC-KIT-WP;8;55.64
2025-06;MRC-KIT-WP;8;55.64
2025-07;MRC-KIT-WP;8;55.64
2025-08;MRC-KIT-WP;8;55.64
2025-09;MRC-KIT-WP;7;55.64
2025-10;MRC-KIT-WP;7;55.64
2025-11;MRC-KIT-WP;6;55.64
2025-12;MRC-KIT-WP;5;55.64
2020-01;SIM-GO9XSE;3;895.00
2020-02;SIM-GO9XSE;3;895.00
2020-03;SIM-GO9XSE;3;895.00
2020-04;SIM-GO9XSE;4;895.00
2020-05;SIM-GO9XSE;3;895.00
2020-06;SIM-GO9XSE;3;895.00
2020-07;SIM-GO9XSE;2;895.00
2020-08;SIM-GO9XSE;3;895.00
2020-09;SIM-GO9XSE;3;895.00
2020-10;SIM-GO9XSE;4;895.00
2020-11;SIM-GO9XSE;3;895.00
2020-12;SIM-GO9XSE;3;895.00
2021-01;SIM-GO9XSE;4;907.53
2021-02;SIM-GO9XSE;3;907.53
2021-03;SIM-GO9XSE;4;907.53
2021-04;SIM-GO9XSE;4;907.53
2021-05;SIM-GO9XSE;3;907.53
2021-06;SIM-GO9XSE;3;907.53
2021-07;SIM-GO9XSE;3;907.53
2021-08;SIM-GO9XSE;3;907.53
2021-09;SIM-GO9XSE;4;907.53
2021-10;SIM-GO9XSE;4;907.53
2021-11;SIM-GO9XSE;4;907.53
2021-12;SIM-GO9XSE;4;907.53
2022-01;SIM-GO9XSE;4;920.06
2022-02;SIM-GO9XSE;4;920.06
2022-03;SIM-GO9XSE;4;920.06
2022-04;SIM-GO9XSE;5;920.06
2022-05;SIM-GO9XSE;4;920.06
2022-06;SIM-GO9XSE;3;920.06
2022-07;SIM-GO9XSE;3;920.06
2022-08;SIM-GO9XSE;3;920.06
2022-09;SIM-GO9XSE;4;920.06
2022-10;SIM-GO9XSE;5;920.06
2022-11;SIM-GO9XSE;4;920.06
2022-12;SIM-GO9XSE;4;920.06
2023-01;SIM-GO9XSE;4;932.59
2023-02;SIM-GO9XSE;4;932.59
2023-03;SIM-GO9XSE;5;932.59
2023-04;SIM-GO9XSE;6;932.59
2023-05;SIM-GO9XSE;5;932.59
2023-06;SIM-GO9XSE;4;932.59
2023-07;SIM-GO9XSE;4;932.59
2023-08;SIM-GO9XSE;4;932.59
2023-09;SIM-GO9XSE;5;932.59
2023-10;SIM-GO9XSE;6;932.59
2023-11;SIM-GO9XSE;5;932.59
2023-12;SIM-GO9XSE;5;932.59
2024-01;SIM-GO9XSE;5;945.12
2024-02;SIM-GO9XSE;5;945.12
2024-03;SIM-GO9XSE;6;945.12
2024-04;SIM-GO9XSE;6;945.12
2024-05;SIM-GO9XSE;5;945.12
2024-06;SIM-GO9XSE;5;945.12
2024-07;SIM-GO9XSE;4;945.12
2024-08;SIM-GO9XSE;4;945.12
2024-09;SIM-GO9XSE;6;945.12
2024-10;SIM-GO9XSE;7;945.12
2024-11;SIM-GO9XSE;5;945.12
2024-12;SIM-GO9XSE;6;945.12
2025-01;SIM-GO9XSE;6;957.65
2025-02;SIM-GO9XSE;6;957.65
2025-03;SIM-GO9XSE;7;957.65
2025-04;SIM-GO9XSE;7;957.65
2025-05;SIM-GO9XSE;6;957.65
2025-06;SIM-GO9XSE;5;957.65
2025-07;SIM-GO9XSE;4;957.65
2025-08;SIM-GO9XSE;5;957.65
2025-09;SIM-GO9XSE;7;957.65
2025-10;SIM-GO9XSE;7;957.65
2025-11;SIM-GO9XSE;6;957.65
2025-12;SIM-GO9XSE;7;957.65
2020-01;SIM-GO12XSE;2;1190.00
2020-02;SIM-GO12XSE;2;1190.00
2020-03;SIM-GO12XSE;2;1190.00
2020-04;SIM-GO12XSE;2;1190.00
2020-05;SIM-GO12XSE;2;1190.00
2020-06;SIM-GO12XSE;2;1190.00
2020-07;SIM-GO12XSE;2;1190.00
2020-08;SIM-GO12XSE;2;1190.00
2020-09;SIM-GO12XSE;2;1190.00
2020-10;SIM-GO12XSE;2;1190.00
2020-11;SIM-GO12XSE;2;1190.00
2020-12;SIM-GO12XSE;2;1190.00
2021-01;SIM-GO12XSE;3;1206.66
2021-02;SIM-GO12XSE;2;1206.66
2021-03;SIM-GO12XSE;2;1206.66
2021-04;SIM-GO12XSE;3;1206.66
2021-05;SIM-GO12XSE;3;1206.66
2021-06;SIM-GO12XSE;2;1206.66
2021-07;SIM-GO12XSE;2;1206.66
2021-08;SIM-GO12XSE;2;1206.66
2021-09;SIM-GO12XSE;2;1206.66
2021-10;SIM-GO12XSE;3;1206.66
2021-11;SIM-GO12XSE;3;1206.66
2021-12;SIM-GO12XSE;2;1206.66
2022-01;SIM-GO12XSE;3;1223.32
2022-02;SIM-GO12XSE;2;1223.32
2022-03;SIM-GO12XSE;3;1223.32
2022-04;SIM-GO12XSE;3;1223.32
2022-05;SIM-GO12XSE;3;1223.32
2022-06;SIM-GO12XSE;2;1223.32
2022-07;SIM-GO12XSE;2;1223.32
2022-08;SIM-GO12XSE;2;1223.32
2022-09;SIM-GO12XSE;3;1223.32
2022-10;SIM-GO12XSE;3;1223.32
2022-11;SIM-GO12XSE;3;1223.32
2022-12;SIM-GO12XSE;3;1223.32
2023-01;SIM-GO12XSE;3;1239.98
2023-02;SIM-GO12XSE;3;1239.98
2023-03;SIM-GO12XSE;3;1239.98
2023-04;SIM-GO12XSE;4;1239.98
2023-05;SIM-GO12XSE;3;1239.98
2023-06;SIM-GO12XSE;2;1239.98
2023-07;SIM-GO12XSE;2;1239.98
2023-08;SIM-GO12XSE;2;1239.98
2023-09;SIM-GO12XSE;3;1239.98
2023-10;SIM-GO12XSE;4;1239.98
2023-11;SIM-GO12XSE;3;1239.98
2023-12;SIM-GO12XSE;3;1239.98
2024-01;SIM-GO12XSE;3;1256.64
2024-02;SIM-GO12XSE;3;1256.64
2024-03;SIM-GO12XSE;4;1256.64
2024-04;SIM-GO12XSE;3;1256.64
2024-05;SIM-GO12XSE;3;1256.64
2024-06;SIM-GO12XSE;3;1256.64
2024-07;SIM-GO12XSE;3;1256.64
2024-08;SIM-GO12XSE;3;1256.64
2024-09;SIM-GO12XSE;3;1256.64
2024-10;SIM-GO12XSE;4;1256.64
2024-11;SIM-GO12XSE;3;1256.64
2024-12;SIM-GO12XSE;4;1256.64
2025-01;SIM-GO12XSE;4;1273.30
2025-02;SIM-GO12XSE;3;1273.30
2025-03;SIM-GO12XSE;4;1273.30
2025-04;SIM-GO12XSE;4;1273.30
2025-05;SIM-GO12XSE;4;1273.30
2025-06;SIM-GO12XSE;3;1273.30
2025-07;SIM-GO12XSE;3;1273.30
2025-08;SIM-GO12XSE;3;1273.30
2025-09;SIM-GO12XSE;4;1273.30
2025-10;SIM-GO12XSE;4;1273.30
2025-11;SIM-GO12XSE;4;1273.30
2025-12;SIM-GO12XSE;4;1273.30
2020-01;SIM-NSS9;2;1490.00
2020-02;SIM-NSS9;2;1490.00
2020-03;SIM-NSS9;2;1490.00
2020-04;SIM-NSS9;2;1490.00
2020-05;SIM-NSS9;2;1490.00
2020-06;SIM-NSS9;2;1490.00
2020-07;SIM-NSS9;2;1490.00
2020-08;SIM-NSS9;2;1490.00
2020-09;SIM-NSS9;2;1490.00
2020-10;SIM-NSS9;2;1490.00
2020-11;SIM-NSS9;2;1490.00
2020-12;SIM-NSS9;2;1490.00
2021-01;SIM-NSS9;2;1510.86
2021-02;SIM-NSS9;2;1510.86
2021-03;SIM-NSS9;2;1510.86
2021-04;SIM-NSS9;2;1510.86
2021-05;SIM-NSS9;2;1510.86
2021-06;SIM-NSS9;2;1510.86
2021-07;SIM-NSS9;2;1510.86
2021-08;SIM-NSS9;2;1510.86
2021-09;SIM-NSS9;2;1510.86
2021-10;SIM-NSS9;3;1510.86
2021-11;SIM-NSS9;2;1510.86
2021-12;SIM-NSS9;3;1510.86
2022-01;SIM-NSS9;2;1531.72
2022-02;SIM-NSS9;2;1531.72
2022-03;SIM-NSS9;2;1531.72
2022-04;SIM-NSS9;3;1531.72
2022-05;SIM-NSS9;3;1531.72
2022-06;SIM-NSS9;2;1531.72
2022-07;SIM-NSS9;2;1531.72
2022-08;SIM-NSS9;2;1531.72
2022-09;SIM-NSS9;2;1531.72
2022-10;SIM-NSS9;3;1531.72
2022-11;SIM-NSS9;3;1531.72
2022-12;SIM-NSS9;2;1531.72
2023-01;SIM-NSS9;3;1552.58
2023-02;SIM-NSS9;2;1552.58
2023-03;SIM-NSS9;2;1552.58
2023-04;SIM-NSS9;3;1552.58
2023-05;SIM-NSS9;2;1552.58
2023-06;SIM-NSS9;2;1552.58
2023-07;SIM-NSS9;2;1552.58
2023-08;SIM-NSS9;2;1552.58
2023-09;SIM-NSS9;2;1552.58
2023-10;SIM-NSS9;3;1552.58
2023-11;SIM-NSS9;3;1552.58
2023-12;SIM-NSS9;2;1552.58
2024-01;SIM-NSS9;3;1573.44
2024-02;SIM-NSS9;2;1573.44
2024-03;SIM-NSS9;3;1573.44
2024-04;SIM-NSS9;3;1573.44
2024-05;SIM-NSS9;3;1573.44
2024-06;SIM-NSS9;2;1573.44
2024-07;SIM-NSS9;2;1573.44
2024-08;SIM-NSS9;2;1573.44
2024-09;SIM-NSS9;1;1573.44
2024-10;SIM-NSS9;1;1573.44
2024-11;SIM-NSS9;1;1573.44
2024-12;SIM-NSS9;1;1573.44
2025-01;SIM-NSS9;3;1594.30
2025-02;SIM-NSS9;2;1594.30
2025-03;SIM-NSS9;3;1594.30
2025-04;SIM-NSS9;3;1594.30
2025-05;SIM-NSS9;0;1594.30
2025-06;SIM-NSS9;0;1594.30
2025-07;SIM-NSS9;0;1594.30
2025-08;SIM-NSS9;0;1594.30
2025-09;SIM-NSS9;0;1594.30
2025-10;SIM-NSS9;0;1594.30
2025-11;SIM-NSS9;0;1594.30
2025-12;SIM-NSS9;0;1594.30
2020-01;SIM-NSS12;1;1920.00
2020-02;SIM-NSS12;1;1920.00
2020-03;SIM-NSS12;1;1920.00
2020-04;SIM-NSS12;1;1920.00
2020-05;SIM-NSS12;1;1920.00
2020-06;SIM-NSS12;1;1920.00
2020-07;SIM-NSS12;1;1920.00
2020-08;SIM-NSS12;1;1920.00
2020-09;SIM-NSS12;1;1920.00
2020-10;SIM-NSS12;1;1920.00
2020-11;SIM-NSS12;1;1920.00
2020-12;SIM-NSS12;1;1920.00
2021-01;SIM-NSS12;1;1946.88
2021-02;SIM-NSS12;1;1946.88
2021-03;SIM-NSS12;1;1946.88
2021-04;SIM-NSS12;1;1946.88
2021-05;SIM-NSS12;1;1946.88
2021-06;SIM-NSS12;1;1946.88
2021-07;SIM-NSS12;1;1946.88
2021-08;SIM-NSS12;1;1946.88
2021-09;SIM-NSS12;1;1946.88
2021-10;SIM-NSS12;1;1946.88
2021-11;SIM-NSS12;1;1946.88
2021-12;SIM-NSS12;1;1946.88
2022-01;SIM-NSS12;2;1973.76
2022-02;SIM-NSS12;1;1973.76
2022-03;SIM-NSS12;1;1973.76
2022-04;SIM-NSS12;2;1973.76
2022-05;SIM-NSS12;2;1973.76
2022-06;SIM-NSS12;1;1973.76
2022-07;SIM-NSS12;1;1973.76
2022-08;SIM-NSS12;1;1973.76
2022-09;SIM-NSS12;1;1973.76
2022-10;SIM-NSS12;2;1973.76
2022-11;SIM-NSS12;2;1973.76
2022-12;SIM-NSS12;1;1973.76
2023-01;SIM-NSS12;2;2000.64
2023-02;SIM-NSS12;2;2000.64
2023-03;SIM-NSS12;2;2000.64
2023-04;SIM-NSS12;2;2000.64
2023-05;SIM-NSS12;2;2000.64
2023-06;SIM-NSS12;1;2000.64
2023-07;SIM-NSS12;1;2000.64
2023-08;SIM-NSS12;2;2000.64
2023-09;SIM-NSS12;2;2000.64
2023-10;SIM-NSS12;2;2000.64
2023-11;SIM-NSS12;2;2000.64
2023-12;SIM-NSS12;2;2000.64
2024-01;SIM-NSS12;2;2027.52
2024-02;SIM-NSS12;2;2027.52
2024-03;SIM-NSS12;2;2027.52
2024-04;SIM-NSS12;2;2027.52
2024-05;SIM-NSS12;2;2027.52
2024-06;SIM-NSS12;2;2027.52
2024-07;SIM-NSS12;2;2027.52
2024-08;SIM-NSS12;2;2027.52
2024-09;SIM-NSS12;2;2027.52
2024-10;SIM-NSS12;2;2027.52
2024-11;SIM-NSS12;2;2027.52
2024-12;SIM-NSS12;2;2027.52
2025-01;SIM-NSS12;2;2054.40
2025-02;SIM-NSS12;2;2054.40
2025-03;SIM-NSS12;3;2054.40
2025-04;SIM-NSS12;3;2054.40
2025-05;SIM-NSS12;2;2054.40
2025-06;SIM-NSS12;2;2054.40
2025-07;SIM-NSS12;2;2054.40
2025-08;SIM-NSS12;2;2054.40
2025-09;SIM-NSS12;2;2054.40
2025-10;SIM-NSS12;3;2054.40
2025-11;SIM-NSS12;2;2054.40
2025-12;SIM-NSS12;3;2054.40
2020-01;SIM-VHF-RS35;4;265.00
2020-02;SIM-VHF-RS35;4;265.00
2020-03;SIM-VHF-RS35;5;265.00
2020-04;SIM-VHF-RS35;5;265.00
2020-05;SIM-VHF-RS35;4;265.00
2020-06;SIM-VHF-RS35;4;265.00
2020-07;SIM-VHF-RS35;3;265.00
2020-08;SIM-VHF-RS35;4;265.00
2020-09;SIM-VHF-RS35;5;265.00
2020-10;SIM-VHF-RS35;5;265.00
2020-11;SIM-VHF-RS35;4;265.00
2020-12;SIM-VHF-RS35;5;265.00
2021-01;SIM-VHF-RS35;5;268.71
2021-02;SIM-VHF-RS35;4;268.71
2021-03;SIM-VHF-RS35;4;268.71
2021-04;SIM-VHF-RS35;5;268.71
2021-05;SIM-VHF-RS35;5;268.71
2021-06;SIM-VHF-RS35;4;268.71
2021-07;SIM-VHF-RS35;3;268.71
2021-08;SIM-VHF-RS35;4;268.71
2021-09;SIM-VHF-RS35;5;268.71
2021-10;SIM-VHF-RS35;5;268.71
2021-11;SIM-VHF-RS35;5;268.71
2021-12;SIM-VHF-RS35;5;268.71
2022-01;SIM-VHF-RS35;5;272.42
2022-02;SIM-VHF-RS35;5;272.42
2022-03;SIM-VHF-RS35;5;272.42
2022-04;SIM-VHF-RS35;6;272.42
2022-05;SIM-VHF-RS35;5;272.42
2022-06;SIM-VHF-RS35;4;272.42
2022-07;SIM-VHF-RS35;4;272.42
2022-08;SIM-VHF-RS35;4;272.42
2022-09;SIM-VHF-RS35;5;272.42
2022-10;SIM-VHF-RS35;6;272.42
2022-11;SIM-VHF-RS35;5;272.42
2022-12;SIM-VHF-RS35;6;272.42
2023-01;SIM-VHF-RS35;6;276.13
2023-02;SIM-VHF-RS35;5;276.13
2023-03;SIM-VHF-RS35;5;276.13
2023-04;SIM-VHF-RS35;6;276.13
2023-05;SIM-VHF-RS35;6;276.13
2023-06;SIM-VHF-RS35;4;276.13
2023-07;SIM-VHF-RS35;4;276.13
2023-08;SIM-VHF-RS35;5;276.13
2023-09;SIM-VHF-RS35;5;276.13
2023-10;SIM-VHF-RS35;6;276.13
2023-11;SIM-VHF-RS35;6;276.13
2023-12;SIM-VHF-RS35;5;276.13
2024-01;SIM-VHF-RS35;6;279.84
2024-02;SIM-VHF-RS35;5;279.84
2024-03;SIM-VHF-RS35;6;279.84
2024-04;SIM-VHF-RS35;7;279.84
2024-05;SIM-VHF-RS35;5;279.84
2024-06;SIM-VHF-RS35;5;279.84
2024-07;SIM-VHF-RS35;4;279.84
2024-08;SIM-VHF-RS35;4;279.84
2024-09;SIM-VHF-RS35;6;279.84
2024-10;SIM-VHF-RS35;7;279.84
2024-11;SIM-VHF-RS35;6;279.84
2024-12;SIM-VHF-RS35;6;279.84
2025-01;SIM-VHF-RS35;7;283.55
2025-02;SIM-VHF-RS35;6;283.55
2025-03;SIM-VHF-RS35;6;283.55
2025-04;SIM-VHF-RS35;7;283.55
2025-05;SIM-VHF-RS35;6;283.55
2025-06;SIM-VHF-RS35;5;283.55
2025-07;SIM-VHF-RS35;5;283.55
2025-08;SIM-VHF-RS35;5;283.55
2025-09;SIM-VHF-RS35;6;283.55
2025-10;SIM-VHF-RS35;7;283.55
2025-11;SIM-VHF-RS35;6;283.55
2025-12;SIM-VHF-RS35;6;283.55
2020-01;MRC-BLTALT;5;28.00
2020-02;MRC-BLTALT;5;28.00
2020-03;MRC-BLTALT;5;28.00
2020-04;MRC-BLTALT;6;28.00
2020-05;MRC-BLTALT;7;28.00
2020-06;MRC-BLTALT;7;28.00
2020-07;MRC-BLTALT;7;28.00
2020-08;MRC-BLTALT;7;28.00
2020-09;MRC-BLTALT;7;28.00
2020-10;MRC-BLTALT;6;28.00
2020-11;MRC-BLTALT;5;28.00
2020-12;MRC-BLTALT;5;28.00
2021-01;MRC-BLTALT;6;28.39
2021-02;MRC-BLTALT;6;28.39
2021-03;MRC-BLTALT;6;28.39
2021-04;MRC-BLTALT;7;28.39
2021-05;MRC-BLTALT;8;28.39
2021-06;MRC-BLTALT;7;28.39
2021-07;MRC-BLTALT;7;28.39
2021-08;MRC-BLTALT;7;28.39
2021-09;MRC-BLTALT;6;28.39
2021-10;MRC-BLTALT;6;28.39
2021-11;MRC-BLTALT;6;28.39
2021-12;MRC-BLTALT;6;28.39
2022-01;MRC-BLTALT;6;28.78
2022-02;MRC-BLTALT;5;28.78
2022-03;MRC-BLTALT;6;28.78
2022-04;MRC-BLTALT;7;28.78
2022-05;MRC-BLTALT;8;28.78
2022-06;MRC-BLTALT;8;28.78
2022-07;MRC-BLTALT;8;28.78
2022-08;MRC-BLTALT;8;28.78
2022-09;MRC-BLTALT;7;28.78
2022-10;MRC-BLTALT;7;28.78
2022-11;MRC-BLTALT;6;28.78
2022-12;MRC-BLTALT;5;28.78
2023-01;MRC-BLTALT;7;29.18
2023-02;MRC-BLTALT;6;29.18
2023-03;MRC-BLTALT;7;29.18
2023-04;MRC-BLTALT;8;29.18
2023-05;MRC-BLTALT;8;29.18
2023-06;MRC-BLTALT;9;29.18
2023-07;MRC-BLTALT;9;29.18
2023-08;MRC-BLTALT;7;29.18
2023-09;MRC-BLTALT;7;29.18
2023-10;MRC-BLTALT;7;29.18
2023-11;MRC-BLTALT;7;29.18
2023-12;MRC-BLTALT;6;29.18
2024-01;MRC-BLTALT;7;29.57
2024-02;MRC-BLTALT;6;29.57
2024-03;MRC-BLTALT;8;29.57
2024-04;MRC-BLTALT;9;29.57
2024-05;MRC-BLTALT;8;29.57
2024-06;MRC-BLTALT;9;29.57
2024-07;MRC-BLTALT;9;29.57
2024-08;MRC-BLTALT;8;29.57
2024-09;MRC-BLTALT;8;29.57
2024-10;MRC-BLTALT;8;29.57
2024-11;MRC-BLTALT;6;29.57
2024-12;MRC-BLTALT;6;29.57
2025-01;MRC-BLTALT;7;29.96
2025-02;MRC-BLTALT;6;29.96
2025-03;MRC-BLTALT;8;29.96
2025-04;MRC-BLTALT;8;29.96
2025-05;MRC-BLTALT;9;29.96
2025-06;MRC-BLTALT;10;29.96
2025-07;MRC-BLTALT;10;29.96
2025-08;MRC-BLTALT;9;29.96
2025-09;MRC-BLTALT;9;29.96
2025-10;MRC-BLTALT;9;29.96
2025-11;MRC-BLTALT;7;29.96
2025-12;MRC-BLTALT;7;29.96
2020-01;MRC-BLTPS;3;22.50
2020-02;MRC-BLTPS;3;22.50
2020-03;MRC-BLTPS;4;22.50
2020-04;MRC-BLTPS;4;22.50
2020-05;MRC-BLTPS;4;22.50
2020-06;MRC-BLTPS;5;22.50
2020-07;MRC-BLTPS;5;22.50
2020-08;MRC-BLTPS;4;22.50
2020-09;MRC-BLTPS;4;22.50
2020-10;MRC-BLTPS;4;22.50
2020-11;MRC-BLTPS;3;22.50
2020-12;MRC-BLTPS;3;22.50
2021-01;MRC-BLTPS;4;22.82
2021-02;MRC-BLTPS;3;22.82
2021-03;MRC-BLTPS;4;22.82
2021-04;MRC-BLTPS;4;22.82
2021-05;MRC-BLTPS;5;22.82
2021-06;MRC-BLTPS;5;22.82
2021-07;MRC-BLTPS;5;22.82
2021-08;MRC-BLTPS;5;22.82
2021-09;MRC-BLTPS;5;22.82
2021-10;MRC-BLTPS;4;22.82
2021-11;MRC-BLTPS;4;22.82
2021-12;MRC-BLTPS;4;22.82
2022-01;MRC-BLTPS;4;23.13
2022-02;MRC-BLTPS;4;23.13
2022-03;MRC-BLTPS;5;23.13
2022-04;MRC-BLTPS;5;23.13
2022-05;MRC-BLTPS;5;23.13
2022-06;MRC-BLTPS;6;23.13
2022-07;MRC-BLTPS;5;23.13
2022-08;MRC-BLTPS;5;23.13
2022-09;MRC-BLTPS;5;23.13
2022-10;MRC-BLTPS;4;23.13
2022-11;MRC-BLTPS;4;23.13
2022-12;MRC-BLTPS;4;23.13
2023-01;MRC-BLTPS;4;23.45
2023-02;MRC-BLTPS;4;23.45
2023-03;MRC-BLTPS;4;23.45
2023-04;MRC-BLTPS;5;23.45
2023-05;MRC-BLTPS;6;23.45
2023-06;MRC-BLTPS;5;23.45
2023-07;MRC-BLTPS;5;23.45
2023-08;MRC-BLTPS;5;23.45
2023-09;MRC-BLTPS;5;23.45
2023-10;MRC-BLTPS;4;23.45
2023-11;MRC-BLTPS;4;23.45
2023-12;MRC-BLTPS;4;23.45
2024-01;MRC-BLTPS;4;23.76
2024-02;MRC-BLTPS;4;23.76
2024-03;MRC-BLTPS;5;23.76
2024-04;MRC-BLTPS;5;23.76
2024-05;MRC-BLTPS;6;23.76
2024-06;MRC-BLTPS;6;23.76
2024-07;MRC-BLTPS;6;23.76
2024-08;MRC-BLTPS;6;23.76
2024-09;MRC-BLTPS;5;23.76
2024-10;MRC-BLTPS;5;23.76
2024-11;MRC-BLTPS;4;23.76
2024-12;MRC-BLTPS;4;23.76
2025-01;MRC-BLTPS;5;24.08
2025-02;MRC-BLTPS;4;24.08
2025-03;MRC-BLTPS;5;24.08
2025-04;MRC-BLTPS;6;24.08
2025-05;MRC-BLTPS;5;24.08
2025-06;MRC-BLTPS;6;24.08
2025-07;MRC-BLTPS;6;24.08
2025-08;MRC-BLTPS;6;24.08
2025-09;MRC-BLTPS;5;24.08
2025-10;MRC-BLTPS;5;24.08
2025-11;MRC-BLTPS;5;24.08
2025-12;MRC-BLTPS;4;24.08
2020-01;MRC-ACPR;7;14.50
2020-02;MRC-ACPR;7;14.50
2020-03;MRC-ACPR;7;14.50
2020-04;MRC-ACPR;8;14.50
2020-05;MRC-ACPR;9;14.50
2020-06;MRC-ACPR;9;14.50
2020-07;MRC-ACPR;9;14.50
2020-08;MRC-ACPR;9;14.50
2020-09;MRC-ACPR;9;14.50
2020-10;MRC-ACPR;8;14.50
2020-11;MRC-ACPR;7;14.50
2020-12;MRC-ACPR;7;14.50
2021-01;MRC-ACPR;8;14.70
2021-02;MRC-ACPR;7;14.70
2021-03;MRC-ACPR;8;14.70
2021-04;MRC-ACPR;9;14.70
2021-05;MRC-ACPR;10;14.70
2021-06;MRC-ACPR;10;14.70
2021-07;MRC-ACPR;10;14.70
2021-08;MRC-ACPR;10;14.70
2021-09;MRC-ACPR;8;14.70
2021-10;MRC-ACPR;8;14.70
2021-11;MRC-ACPR;8;14.70
2021-12;MRC-ACPR;6;14.70
2022-01;MRC-ACPR;8;14.91
2022-02;MRC-ACPR;7;14.91
2022-03;MRC-ACPR;9;14.91
2022-04;MRC-ACPR;10;14.91
2022-05;MRC-ACPR;11;14.91
2022-06;MRC-ACPR;11;14.91
2022-07;MRC-ACPR;11;14.91
2022-08;MRC-ACPR;11;14.91
2022-09;MRC-ACPR;9;14.91
2022-10;MRC-ACPR;9;14.91
2022-11;MRC-ACPR;8;14.91
2022-12;MRC-ACPR;7;14.91
2023-01;MRC-ACPR;9;15.11
2023-02;MRC-ACPR;8;15.11
2023-03;MRC-ACPR;10;15.11
2023-04;MRC-ACPR;11;15.11
2023-05;MRC-ACPR;11;15.11
2023-06;MRC-ACPR;12;15.11
2023-07;MRC-ACPR;12;15.11
2023-08;MRC-ACPR;10;15.11
2023-09;MRC-ACPR;10;15.11
2023-10;MRC-ACPR;10;15.11
2023-11;MRC-ACPR;9;15.11
2023-12;MRC-ACPR;8;15.11
2024-01;MRC-ACPR;10;15.31
2024-02;MRC-ACPR;8;15.31
2024-03;MRC-ACPR;10;15.31
2024-04;MRC-ACPR;12;15.31
2024-05;MRC-ACPR;12;15.31
2024-06;MRC-ACPR;13;15.31
2024-07;MRC-ACPR;13;15.31
2024-08;MRC-ACPR;11;15.31
2024-09;MRC-ACPR;11;15.31
2024-10;MRC-ACPR;11;15.31
2024-11;MRC-ACPR;9;15.31
2024-12;MRC-ACPR;8;15.31
2025-01;MRC-ACPR;9;15.52
2025-02;MRC-ACPR;9;15.52
2025-03;MRC-ACPR;11;15.52
2025-04;MRC-ACPR;11;15.52
2025-05;MRC-ACPR;13;15.52
2025-06;MRC-ACPR;14;15.52
2025-07;MRC-ACPR;14;15.52
2025-08;MRC-ACPR;12;15.52
2025-09;MRC-ACPR;12;15.52
2025-10;MRC-ACPR;12;15.52
2025-11;MRC-ACPR;9;15.52
2025-12;MRC-ACPR;9;15.52
2020-01;QSV-EC;8;6.90
2020-02;QSV-EC;8;6.90
2020-03;QSV-EC;10;6.90
2020-04;QSV-EC;10;6.90
2020-05;QSV-EC;11;6.90
2020-06;QSV-EC;12;6.90
2020-07;QSV-EC;13;6.90
2020-08;QSV-EC;11;6.90
2020-09;QSV-EC;11;6.90
2020-10;QSV-EC;11;6.90
2020-11;QSV-EC;8;6.90
2020-12;QSV-EC;8;6.90
2021-01;QSV-EC;9;7.00
2021-02;QSV-EC;9;7.00
2021-03;QSV-EC;11;7.00
2021-04;QSV-EC;11;7.00
2021-05;QSV-EC;12;7.00
2021-06;QSV-EC;14;7.00
2021-07;QSV-EC;12;7.00
2021-08;QSV-EC;12;7.00
2021-09;QSV-EC;12;7.00
2021-10;QSV-EC;10;7.00
2021-11;QSV-EC;9;7.00
2021-12;QSV-EC;9;7.00
2022-01;QSV-EC;10;7.09
2022-02;QSV-EC;10;7.09
2022-03;QSV-EC;12;7.09
2022-04;QSV-EC;12;7.09
2022-05;QSV-EC;14;7.09
2022-06;QSV-EC;15;7.09
2022-07;QSV-EC;13;7.09
2022-08;QSV-EC;13;7.09
2022-09;QSV-EC;13;7.09
2022-10;QSV-EC;11;7.09
2022-11;QSV-EC;10;7.09
2022-12;QSV-EC;10;7.09
2023-01;QSV-EC;11;7.19
2023-02;QSV-EC;11;7.19
2023-03;QSV-EC;12;7.19
2023-04;QSV-EC;13;7.19
2023-05;QSV-EC;15;7.19
2023-06;QSV-EC;14;7.19
2023-07;QSV-EC;14;7.19
2023-08;QSV-EC;14;7.19
2023-09;QSV-EC;14;7.19
2023-10;QSV-EC;12;7.19
2023-11;QSV-EC;11;7.19
2023-12;QSV-EC;11;7.19
2024-01;QSV-EC;12;7.29
2024-02;QSV-EC;12;7.29
2024-03;QSV-EC;13;7.29
2024-04;QSV-EC;15;7.29
2024-05;QSV-EC;16;7.29
2024-06;QSV-EC;16;7.29
2024-07;QSV-EC;16;7.29
2024-08;QSV-EC;16;7.29
2024-09;QSV-EC;13;7.29
2024-10;QSV-EC;13;7.29
2024-11;QSV-EC;12;7.29
2024-12;QSV-EC;10;7.29
2025-01;QSV-EC;13;7.38
2025-02;QSV-EC;11;7.38
2025-03;QSV-EC;14;7.38
2025-04;QSV-EC;16;7.38
2025-05;QSV-EC;18;7.38
2025-06;QSV-EC;17;7.38
2025-07;QSV-EC;18;7.38
2025-08;QSV-EC;17;7.38
2025-09;QSV-EC;15;7.38
2025-10;QSV-EC;15;7.38
2025-11;QSV-EC;14;7.38
2025-12;QSV-EC;11;7.38
2020-01;MRC-KIT-STR;3;34.00
2020-02;MRC-KIT-STR;3;34.00
2020-03;MRC-KIT-STR;3;34.00
2020-04;MRC-KIT-STR;3;34.00
2020-05;MRC-KIT-STR;3;34.00
2020-06;MRC-KIT-STR;3;34.00
2020-07;MRC-KIT-STR;3;34.00
2020-08;MRC-KIT-STR;3;34.00
2020-09;MRC-KIT-STR;3;34.00
2020-10;MRC-KIT-STR;3;34.00
2020-11;MRC-KIT-STR;3;34.00
2020-12;MRC-KIT-STR;3;34.00
2021-01;MRC-KIT-STR;3;34.48
2021-02;MRC-KIT-STR;3;34.48
2021-03;MRC-KIT-STR;3;34.48
2021-04;MRC-KIT-STR;3;34.48
2021-05;MRC-KIT-STR;3;34.48
2021-06;MRC-KIT-STR;3;34.48
2021-07;MRC-KIT-STR;3;34.48
2021-08;MRC-KIT-STR;3;34.48
2021-09;MRC-KIT-STR;3;34.48
2021-10;MRC-KIT-STR;3;34.48
2021-11;MRC-KIT-STR;3;34.48
2021-12;MRC-KIT-STR;3;34.48
2022-01;MRC-KIT-STR;4;34.95
2022-02;MRC-KIT-STR;3;34.95
2022-03;MRC-KIT-STR;3;34.95
2022-04;MRC-KIT-STR;4;34.95
2022-05;MRC-KIT-STR;3;34.95
2022-06;MRC-KIT-STR;3;34.95
2022-07;MRC-KIT-STR;3;34.95
2022-08;MRC-KIT-STR;3;34.95
2022-09;MRC-KIT-STR;3;34.95
2022-10;MRC-KIT-STR;3;34.95
2022-11;MRC-KIT-STR;3;34.95
2022-12;MRC-KIT-STR;3;34.95
2023-01;MRC-KIT-STR;3;35.43
2023-02;MRC-KIT-STR;3;35.43
2023-03;MRC-KIT-STR;4;35.43
2023-04;MRC-KIT-STR;3;35.43
2023-05;MRC-KIT-STR;3;35.43
2023-06;MRC-KIT-STR;4;35.43
2023-07;MRC-KIT-STR;4;35.43
2023-08;MRC-KIT-STR;3;35.43
2023-09;MRC-KIT-STR;4;35.43
2023-10;MRC-KIT-STR;4;35.43
2023-11;MRC-KIT-STR;3;35.43
2023-12;MRC-KIT-STR;3;35.43
2024-01;MRC-KIT-STR;3;35.90
2024-02;MRC-KIT-STR;4;35.90
2024-03;MRC-KIT-STR;4;35.90
2024-04;MRC-KIT-STR;3;35.90
2024-05;MRC-KIT-STR;4;35.90
2024-06;MRC-KIT-STR;4;35.90
2024-07;MRC-KIT-STR;3;35.90
2024-08;MRC-KIT-STR;4;35.90
2024-09;MRC-KIT-STR;4;35.90
2024-10;MRC-KIT-STR;3;35.90
2024-11;MRC-KIT-STR;4;35.90
2024-12;MRC-KIT-STR;4;35.90
2025-01;MRC-KIT-STR;4;36.38
2025-02;MRC-KIT-STR;4;36.38
2025-03;MRC-KIT-STR;4;36.38
2025-04;MRC-KIT-STR;4;36.38
2025-05;MRC-KIT-STR;4;36.38
2025-06;MRC-KIT-STR;4;36.38
2025-07;MRC-KIT-STR;4;36.38
2025-08;MRC-KIT-STR;4;36.38
2025-09;MRC-KIT-STR;4;36.38
2025-10;MRC-KIT-STR;4;36.38
2025-11;MRC-KIT-STR;4;36.38
2025-12;MRC-KIT-STR;4;36.38
2020-01;MRC-SPARK;11;13.50
2020-02;MRC-SPARK;9;13.50
2020-03;MRC-SPARK;12;13.50
2020-04;MRC-SPARK;13;13.50
2020-05;MRC-SPARK;13;13.50
2020-06;MRC-SPARK;14;13.50
2020-07;MRC-SPARK;15;13.50
2020-08;MRC-SPARK;12;13.50
2020-09;MRC-SPARK;12;13.50
2020-10;MRC-SPARK;12;13.50
2020-11;MRC-SPARK;11;13.50
2020-12;MRC-SPARK;9;13.50
2021-01;MRC-SPARK;12;13.69
2021-02;MRC-SPARK;10;13.69
2021-03;MRC-SPARK;13;13.69
2021-04;MRC-SPARK;15;13.69
2021-05;MRC-SPARK;14;13.69
2021-06;MRC-SPARK;16;13.69
2021-07;MRC-SPARK;16;13.69
2021-08;MRC-SPARK;13;13.69
2021-09;MRC-SPARK;13;13.69
2021-10;MRC-SPARK;13;13.69
2021-11;MRC-SPARK;10;13.69
2021-12;MRC-SPARK;10;13.69
2022-01;MRC-SPARK;11;13.88
2022-02;MRC-SPARK;11;13.88
2022-03;MRC-SPARK;14;13.88
2022-04;MRC-SPARK;13;13.88
2022-05;MRC-SPARK;15;13.88
2022-06;MRC-SPARK;17;13.88
2022-07;MRC-SPARK;17;13.88
2022-08;MRC-SPARK;15;13.88
2022-09;MRC-SPARK;14;13.88
2022-10;MRC-SPARK;14;13.88
2022-11;MRC-SPARK;11;13.88
2022-12;MRC-SPARK;11;13.88
2023-01;MRC-SPARK;12;14.07
2023-02;MRC-SPARK;12;14.07
2023-03;MRC-SPARK;15;14.07
2023-04;MRC-SPARK;15;14.07
2023-05;MRC-SPARK;16;14.07
2023-06;MRC-SPARK;18;14.07
2023-07;MRC-SPARK;16;14.07
2023-08;MRC-SPARK;16;14.07
2023-09;MRC-SPARK;16;14.07
2023-10;MRC-SPARK;13;14.07
2023-11;MRC-SPARK;12;14.07
2023-12;MRC-SPARK;12;14.07
2024-01;MRC-SPARK;13;14.26
2024-02;MRC-SPARK;13;14.26
2024-03;MRC-SPARK;16;14.26
2024-04;MRC-SPARK;16;14.26
2024-05;MRC-SPARK;18;14.26
2024-06;MRC-SPARK;20;14.26
2024-07;MRC-SPARK;17;14.26
2024-08;MRC-SPARK;17;14.26
2024-09;MRC-SPARK;17;14.26
2024-10;MRC-SPARK;14;14.26
2024-11;MRC-SPARK;13;14.26
2024-12;MRC-SPARK;13;14.26
2025-01;MRC-SPARK;14;14.45
2025-02;MRC-SPARK;14;14.45
2025-03;MRC-SPARK;15;14.45
2025-04;MRC-SPARK;17;14.45
2025-05;MRC-SPARK;19;14.45
2025-06;MRC-SPARK;18;14.45
2025-07;MRC-SPARK;18;14.45
2025-08;MRC-SPARK;18;14.45
2025-09;MRC-SPARK;18;14.45
2025-10;MRC-SPARK;15;14.45
2025-11;MRC-SPARK;14;14.45
2025-12;MRC-SPARK;14;14.45
2020-01;SIR-CRANK;2;48.00
2020-02;SIR-CRANK;2;48.00
2020-03;SIR-CRANK;2;48.00
2020-04;SIR-CRANK;2;48.00
2020-05;SIR-CRANK;2;48.00
2020-06;SIR-CRANK;2;48.00
2020-07;SIR-CRANK;2;48.00
2020-08;SIR-CRANK;2;48.00
2020-09;SIR-CRANK;2;48.00
2020-10;SIR-CRANK;2;48.00
2020-11;SIR-CRANK;2;48.00
2020-12;SIR-CRANK;2;48.00
2021-01;SIR-CRANK;2;48.67
2021-02;SIR-CRANK;2;48.67
2021-03;SIR-CRANK;2;48.67
2021-04;SIR-CRANK;2;48.67
2021-05;SIR-CRANK;2;48.67
2021-06;SIR-CRANK;2;48.67
2021-07;SIR-CRANK;2;48.67
2021-08;SIR-CRANK;2;48.67
2021-09;SIR-CRANK;2;48.67
2021-10;SIR-CRANK;2;48.67
2021-11;SIR-CRANK;2;48.67
2021-12;SIR-CRANK;2;48.67
2022-01;SIR-CRANK;2;49.34
2022-02;SIR-CRANK;2;49.34
2022-03;SIR-CRANK;2;49.34
2022-04;SIR-CRANK;2;49.34
2022-05;SIR-CRANK;2;49.34
2022-06;SIR-CRANK;2;49.34
2022-07;SIR-CRANK;2;49.34
2022-08;SIR-CRANK;2;49.34
2022-09;SIR-CRANK;2;49.34
2022-10;SIR-CRANK;2;49.34
2022-11;SIR-CRANK;2;49.34
2022-12;SIR-CRANK;2;49.34
2023-01;SIR-CRANK;2;50.02
2023-02;SIR-CRANK;2;50.02
2023-03;SIR-CRANK;2;50.02
2023-04;SIR-CRANK;2;50.02
2023-05;SIR-CRANK;2;50.02
2023-06;SIR-CRANK;2;50.02
2023-07;SIR-CRANK;2;50.02
2023-08;SIR-CRANK;2;50.02
2023-09;SIR-CRANK;2;50.02
2023-10;SIR-CRANK;2;50.02
2023-11;SIR-CRANK;2;50.02
2023-12;SIR-CRANK;2;50.02
2024-01;SIR-CRANK;2;50.69
2024-02;SIR-CRANK;2;50.69
2024-03;SIR-CRANK;2;50.69
2024-04;SIR-CRANK;2;50.69
2024-05;SIR-CRANK;2;50.69
2024-06;SIR-CRANK;2;50.69
2024-07;SIR-CRANK;2;50.69
2024-08;SIR-CRANK;2;50.69
2024-09;SIR-CRANK;2;50.69
2024-10;SIR-CRANK;2;50.69
2024-11;SIR-CRANK;2;50.69
2024-12;SIR-CRANK;2;50.69
2025-01;SIR-CRANK;2;51.36
2025-02;SIR-CRANK;2;51.36
2025-03;SIR-CRANK;3;51.36
2025-04;SIR-CRANK;3;51.36
2025-05;SIR-CRANK;2;51.36
2025-06;SIR-CRANK;2;51.36
2025-07;SIR-CRANK;3;51.36
2025-08;SIR-CRANK;2;51.36
2025-09;SIR-CRANK;2;51.36
2025-10;SIR-CRANK;3;51.36
2025-11;SIR-CRANK;2;51.36
2025-12;SIR-CRANK;2;51.36
2020-01;JAB-KIT-SRV;3;68.00
2020-02;JAB-KIT-SRV;3;68.00
2020-03;JAB-KIT-SRV;3;68.00
2020-04;JAB-KIT-SRV;3;68.00
2020-05;JAB-KIT-SRV;4;68.00
2020-06;JAB-KIT-SRV;4;68.00
2020-07;JAB-KIT-SRV;3;68.00
2020-08;JAB-KIT-SRV;3;68.00
2020-09;JAB-KIT-SRV;3;68.00
2020-10;JAB-KIT-SRV;3;68.00
2020-11;JAB-KIT-SRV;3;68.00
2020-12;JAB-KIT-SRV;3;68.00
2021-01;JAB-KIT-SRV;3;68.95
2021-02;JAB-KIT-SRV;3;68.95
2021-03;JAB-KIT-SRV;3;68.95
2021-04;JAB-KIT-SRV;3;68.95
2021-05;JAB-KIT-SRV;4;68.95
2021-06;JAB-KIT-SRV;4;68.95
2021-07;JAB-KIT-SRV;4;68.95
2021-08;JAB-KIT-SRV;4;68.95
2021-09;JAB-KIT-SRV;4;68.95
2021-10;JAB-KIT-SRV;3;68.95
2021-11;JAB-KIT-SRV;3;68.95
2021-12;JAB-KIT-SRV;3;68.95
2022-01;JAB-KIT-SRV;3;69.90
2022-02;JAB-KIT-SRV;3;69.90
2022-03;JAB-KIT-SRV;3;69.90
2022-04;JAB-KIT-SRV;4;69.90
2022-05;JAB-KIT-SRV;4;69.90
2022-06;JAB-KIT-SRV;4;69.90
2022-07;JAB-KIT-SRV;4;69.90
2022-08;JAB-KIT-SRV;4;69.90
2022-09;JAB-KIT-SRV;3;69.90
2022-10;JAB-KIT-SRV;3;69.90
2022-11;JAB-KIT-SRV;3;69.90
2022-12;JAB-KIT-SRV;3;69.90
2023-01;JAB-KIT-SRV;3;70.86
2023-02;JAB-KIT-SRV;3;70.86
2023-03;JAB-KIT-SRV;3;70.86
2023-04;JAB-KIT-SRV;4;70.86
2023-05;JAB-KIT-SRV;4;70.86
2023-06;JAB-KIT-SRV;4;70.86
2023-07;JAB-KIT-SRV;4;70.86
2023-08;JAB-KIT-SRV;4;70.86
2023-09;JAB-KIT-SRV;4;70.86
2023-10;JAB-KIT-SRV;3;70.86
2023-11;JAB-KIT-SRV;3;70.86
2023-12;JAB-KIT-SRV;3;70.86
2024-01;JAB-KIT-SRV;3;71.81
2024-02;JAB-KIT-SRV;3;71.81
2024-03;JAB-KIT-SRV;4;71.81
2024-04;JAB-KIT-SRV;4;71.81
2024-05;JAB-KIT-SRV;4;71.81
2024-06;JAB-KIT-SRV;4;71.81
2024-07;JAB-KIT-SRV;4;71.81
2024-08;JAB-KIT-SRV;4;71.81
2024-09;JAB-KIT-SRV;4;71.81
2024-10;JAB-KIT-SRV;4;71.81
2024-11;JAB-KIT-SRV;3;71.81
2024-12;JAB-KIT-SRV;3;71.81
2025-01;JAB-KIT-SRV;3;72.76
2025-02;JAB-KIT-SRV;3;72.76
2025-03;JAB-KIT-SRV;4;72.76
2025-04;JAB-KIT-SRV;4;72.76
2025-05;JAB-KIT-SRV;4;72.76
2025-06;JAB-KIT-SRV;5;72.76
2025-07;JAB-KIT-SRV;5;72.76
2025-08;JAB-KIT-SRV;4;72.76
2025-09;JAB-KIT-SRV;4;72.76
2025-10;JAB-KIT-SRV;4;72.76
2025-11;JAB-KIT-SRV;3;72.76
2025-12;JAB-KIT-SRV;3;72.76
2020-01;MRC-ANODE-KT;3;57.00
2020-02;MRC-ANODE-KT;3;57.00
2020-03;MRC-ANODE-KT;5;57.00
2020-04;MRC-ANODE-KT;6;57.00
2020-05;MRC-ANODE-KT;8;57.00
2020-06;MRC-ANODE-KT;10;57.00
2020-07;MRC-ANODE-KT;10;57.00
2020-08;MRC-ANODE-KT;10;57.00
2020-09;MRC-ANODE-KT;7;57.00
2020-10;MRC-ANODE-KT;5;57.00
2020-11;MRC-ANODE-KT;4;57.00
2020-12;MRC-ANODE-KT;3;57.00
2021-01;MRC-ANODE-KT;3;57.80
2021-02;MRC-ANODE-KT;3;57.80
2021-03;MRC-ANODE-KT;5;57.80
2021-04;MRC-ANODE-KT;6;57.80
2021-05;MRC-ANODE-KT;9;57.80
2021-06;MRC-ANODE-KT;11;57.80
2021-07;MRC-ANODE-KT;10;57.80
2021-08;MRC-ANODE-KT;10;57.80
2021-09;MRC-ANODE-KT;8;57.80
2021-10;MRC-ANODE-KT;5;57.80
2021-11;MRC-ANODE-KT;4;57.80
2021-12;MRC-ANODE-KT;3;57.80
2022-01;MRC-ANODE-KT;4;58.60
2022-02;MRC-ANODE-KT;4;58.60
2022-03;MRC-ANODE-KT;5;58.60
2022-04;MRC-ANODE-KT;7;58.60
2022-05;MRC-ANODE-KT;9;58.60
2022-06;MRC-ANODE-KT;10;58.60
2022-07;MRC-ANODE-KT;11;58.60
2022-08;MRC-ANODE-KT;11;58.60
2022-09;MRC-ANODE-KT;7;58.60
2022-10;MRC-ANODE-KT;5;58.60
2022-11;MRC-ANODE-KT;4;58.60
2022-12;MRC-ANODE-KT;4;58.60
2023-01;MRC-ANODE-KT;4;59.39
2023-02;MRC-ANODE-KT;4;59.39
2023-03;MRC-ANODE-KT;5;59.39
2023-04;MRC-ANODE-KT;7;59.39
2023-05;MRC-ANODE-KT;10;59.39
2023-06;MRC-ANODE-KT;11;59.39
2023-07;MRC-ANODE-KT;12;59.39
2023-08;MRC-ANODE-KT;12;59.39
2023-09;MRC-ANODE-KT;8;59.39
2023-10;MRC-ANODE-KT;6;59.39
2023-11;MRC-ANODE-KT;4;59.39
2023-12;MRC-ANODE-KT;3;59.39
2024-01;MRC-ANODE-KT;4;60.19
2024-02;MRC-ANODE-KT;4;60.19
2024-03;MRC-ANODE-KT;6;60.19
2024-04;MRC-ANODE-KT;8;60.19
2024-05;MRC-ANODE-KT;9;60.19
2024-06;MRC-ANODE-KT;12;60.19
2024-07;MRC-ANODE-KT;13;60.19
2024-08;MRC-ANODE-KT;13;60.19
2024-09;MRC-ANODE-KT;8;60.19
2024-10;MRC-ANODE-KT;6;60.19
2024-11;MRC-ANODE-KT;5;60.19
2024-12;MRC-ANODE-KT;4;60.19
2025-01;MRC-ANODE-KT;4;60.99
2025-02;MRC-ANODE-KT;4;60.99
2025-03;MRC-ANODE-KT;6;60.99
2025-04;MRC-ANODE-KT;8;60.99
2025-05;MRC-ANODE-KT;10;60.99
2025-06;MRC-ANODE-KT;12;60.99
2025-07;MRC-ANODE-KT;14;60.99
2025-08;MRC-ANODE-KT;12;60.99
2025-09;MRC-ANODE-KT;9;60.99
2025-10;MRC-ANODE-KT;7;60.99
2025-11;MRC-ANODE-KT;4;60.99
2025-12;MRC-ANODE-KT;4;60.99
2020-01;SIR-BELT-KT;4;37.00
2020-02;SIR-BELT-KT;4;37.00
2020-03;SIR-BELT-KT;4;37.00
2020-04;SIR-BELT-KT;4;37.00
2020-05;SIR-BELT-KT;5;37.00
2020-06;SIR-BELT-KT;5;37.00
2020-07;SIR-BELT-KT;5;37.00
2020-08;SIR-BELT-KT;5;37.00
2020-09;SIR-BELT-KT;4;37.00
2020-10;SIR-BELT-KT;4;37.00
2020-11;SIR-BELT-KT;4;37.00
2020-12;SIR-BELT-KT;3;37.00
2021-01;SIR-BELT-KT;4;37.52
2021-02;SIR-BELT-KT;3;37.52
2021-03;SIR-BELT-KT;4;37.52
2021-04;SIR-BELT-KT;5;37.52
2021-05;SIR-BELT-KT;4;37.52
2021-06;SIR-BELT-KT;5;37.52
2021-07;SIR-BELT-KT;5;37.52
2021-08;SIR-BELT-KT;5;37.52
2021-09;SIR-BELT-KT;4;37.52
2021-10;SIR-BELT-KT;4;37.52
2021-11;SIR-BELT-KT;4;37.52
2021-12;SIR-BELT-KT;3;37.52
2022-01;SIR-BELT-KT;4;38.04
2022-02;SIR-BELT-KT;3;38.04
2022-03;SIR-BELT-KT;4;38.04
2022-04;SIR-BELT-KT;5;38.04
2022-05;SIR-BELT-KT;5;38.04
2022-06;SIR-BELT-KT;5;38.04
2022-07;SIR-BELT-KT;5;38.04
2022-08;SIR-BELT-KT;5;38.04
2022-09;SIR-BELT-KT;5;38.04
2022-10;SIR-BELT-KT;5;38.04
2022-11;SIR-BELT-KT;4;38.04
2022-12;SIR-BELT-KT;4;38.04
2023-01;SIR-BELT-KT;4;38.55
2023-02;SIR-BELT-KT;4;38.55
2023-03;SIR-BELT-KT;5;38.55
2023-04;SIR-BELT-KT;5;38.55
2023-05;SIR-BELT-KT;5;38.55
2023-06;SIR-BELT-KT;6;38.55
2023-07;SIR-BELT-KT;6;38.55
2023-08;SIR-BELT-KT;5;38.55
2023-09;SIR-BELT-KT;5;38.55
2023-10;SIR-BELT-KT;5;38.55
2023-11;SIR-BELT-KT;4;38.55
2023-12;SIR-BELT-KT;4;38.55
2024-01;SIR-BELT-KT;4;39.07
2024-02;SIR-BELT-KT;4;39.07
2024-03;SIR-BELT-KT;5;39.07
2024-04;SIR-BELT-KT;5;39.07
2024-05;SIR-BELT-KT;6;39.07
2024-06;SIR-BELT-KT;6;39.07
2024-07;SIR-BELT-KT;5;39.07
2024-08;SIR-BELT-KT;5;39.07
2024-09;SIR-BELT-KT;5;39.07
2024-10;SIR-BELT-KT;5;39.07
2024-11;SIR-BELT-KT;4;39.07
2024-12;SIR-BELT-KT;4;39.07
2025-01;SIR-BELT-KT;4;39.59
2025-02;SIR-BELT-KT;4;39.59
2025-03;SIR-BELT-KT;5;39.59
2025-04;SIR-BELT-KT;5;39.59
2025-05;SIR-BELT-KT;6;39.59
2025-06;SIR-BELT-KT;7;39.59
2025-07;SIR-BELT-KT;6;39.59
2025-08;SIR-BELT-KT;6;39.59
2025-09;SIR-BELT-KT;6;39.59
2025-10;SIR-BELT-KT;5;39.59
2025-11;SIR-BELT-KT;4;39.59
2025-12;SIR-BELT-KT;4;39.59
2020-01;MRC-IMPKIT;4;48.50
2020-02;MRC-IMPKIT;4;48.50
2020-03;MRC-IMPKIT;5;48.50
2020-04;MRC-IMPKIT;5;48.50
2020-05;MRC-IMPKIT;6;48.50
2020-06;MRC-IMPKIT;6;48.50
2020-07;MRC-IMPKIT;6;48.50
2020-08;MRC-IMPKIT;6;48.50
2020-09;MRC-IMPKIT;5;48.50
2020-10;MRC-IMPKIT;5;48.50
2020-11;MRC-IMPKIT;4;48.50
2020-12;MRC-IMPKIT;4;48.50
2021-01;MRC-IMPKIT;5;49.18
2021-02;MRC-IMPKIT;4;49.18
2021-03;MRC-IMPKIT;6;49.18
2021-04;MRC-IMPKIT;6;49.18
2021-05;MRC-IMPKIT;6;49.18
2021-06;MRC-IMPKIT;7;49.18
2021-07;MRC-IMPKIT;6;49.18
2021-08;MRC-IMPKIT;6;49.18
2021-09;MRC-IMPKIT;6;49.18
2021-10;MRC-IMPKIT;5;49.18
2021-11;MRC-IMPKIT;5;49.18
2021-12;MRC-IMPKIT;5;49.18
2022-01;MRC-IMPKIT;5;49.86
2022-02;MRC-IMPKIT;5;49.86
2022-03;MRC-IMPKIT;5;49.86
2022-04;MRC-IMPKIT;6;49.86
2022-05;MRC-IMPKIT;7;49.86
2022-06;MRC-IMPKIT;6;49.86
2022-07;MRC-IMPKIT;6;49.86
2022-08;MRC-IMPKIT;6;49.86
2022-09;MRC-IMPKIT;6;49.86
2022-10;MRC-IMPKIT;5;49.86
2022-11;MRC-IMPKIT;5;49.86
2022-12;MRC-IMPKIT;5;49.86
2023-01;MRC-IMPKIT;5;50.54
2023-02;MRC-IMPKIT;5;50.54
2023-03;MRC-IMPKIT;6;50.54
2023-04;MRC-IMPKIT;6;50.54
2023-05;MRC-IMPKIT;7;50.54
2023-06;MRC-IMPKIT;7;50.54
2023-07;MRC-IMPKIT;7;50.54
2023-08;MRC-IMPKIT;7;50.54
2023-09;MRC-IMPKIT;6;50.54
2023-10;MRC-IMPKIT;6;50.54
2023-11;MRC-IMPKIT;5;50.54
2023-12;MRC-IMPKIT;5;50.54
2024-01;MRC-IMPKIT;6;51.22
2024-02;MRC-IMPKIT;5;51.22
2024-03;MRC-IMPKIT;6;51.22
2024-04;MRC-IMPKIT;7;51.22
2024-05;MRC-IMPKIT;8;51.22
2024-06;MRC-IMPKIT;7;51.22
2024-07;MRC-IMPKIT;8;51.22
2024-08;MRC-IMPKIT;8;51.22
2024-09;MRC-IMPKIT;6;51.22
2024-10;MRC-IMPKIT;6;51.22
2024-11;MRC-IMPKIT;6;51.22
2024-12;MRC-IMPKIT;5;51.22
2025-01;MRC-IMPKIT;6;51.90
2025-02;MRC-IMPKIT;5;51.90
2025-03;MRC-IMPKIT;7;51.90
2025-04;MRC-IMPKIT;8;51.90
2025-05;MRC-IMPKIT;7;51.90
2025-06;MRC-IMPKIT;8;51.90
2025-07;MRC-IMPKIT;8;51.90
2025-08;MRC-IMPKIT;7;51.90
2025-09;MRC-IMPKIT;7;51.90
2025-10;MRC-IMPKIT;7;51.90
2025-11;MRC-IMPKIT;6;51.90
2025-12;MRC-IMPKIT;5;51.90
2020-01;SIR-TSTAT-KT;3;22.00
2020-02;SIR-TSTAT-KT;3;22.00
2020-03;SIR-TSTAT-KT;4;22.00
2020-04;SIR-TSTAT-KT;5;22.00
2020-05;SIR-TSTAT-KT;4;22.00
2020-06;SIR-TSTAT-KT;5;22.00
2020-07;SIR-TSTAT-KT;5;22.00
2020-08;SIR-TSTAT-KT;4;22.00
2020-09;SIR-TSTAT-KT;4;22.00
2020-10;SIR-TSTAT-KT;4;22.00
2020-11;SIR-TSTAT-KT;3;22.00
2020-12;SIR-TSTAT-KT;3;22.00
2021-01;SIR-TSTAT-KT;3;22.31
2021-02;SIR-TSTAT-KT;3;22.31
2021-03;SIR-TSTAT-KT;4;22.31
2021-04;SIR-TSTAT-KT;4;22.31
2021-05;SIR-TSTAT-KT;5;22.31
2021-06;SIR-TSTAT-KT;5;22.31
2021-07;SIR-TSTAT-KT;5;22.31
2021-08;SIR-TSTAT-KT;5;22.31
2021-09;SIR-TSTAT-KT;5;22.31
2021-10;SIR-TSTAT-KT;4;22.31
2021-11;SIR-TSTAT-KT;4;22.31
2021-12;SIR-TSTAT-KT;3;22.31
2022-01;SIR-TSTAT-KT;4;22.62
2022-02;SIR-TSTAT-KT;4;22.62
2022-03;SIR-TSTAT-KT;5;22.62
2022-04;SIR-TSTAT-KT;5;22.62
2022-05;SIR-TSTAT-KT;5;22.62
2022-06;SIR-TSTAT-KT;6;22.62
2022-07;SIR-TSTAT-KT;5;22.62
2022-08;SIR-TSTAT-KT;5;22.62
2022-09;SIR-TSTAT-KT;5;22.62
2022-10;SIR-TSTAT-KT;4;22.62
2022-11;SIR-TSTAT-KT;4;22.62
2022-12;SIR-TSTAT-KT;4;22.62
2023-01;SIR-TSTAT-KT;4;22.92
2023-02;SIR-TSTAT-KT;4;22.92
2023-03;SIR-TSTAT-KT;4;22.92
2023-04;SIR-TSTAT-KT;5;22.92
2023-05;SIR-TSTAT-KT;5;22.92
2023-06;SIR-TSTAT-KT;6;22.92
2023-07;SIR-TSTAT-KT;5;22.92
2023-08;SIR-TSTAT-KT;5;22.92
2023-09;SIR-TSTAT-KT;5;22.92
2023-10;SIR-TSTAT-KT;4;22.92
2023-11;SIR-TSTAT-KT;4;22.92
2023-12;SIR-TSTAT-KT;4;22.92
2024-01;SIR-TSTAT-KT;4;23.23
2024-02;SIR-TSTAT-KT;4;23.23
2024-03;SIR-TSTAT-KT;5;23.23
2024-04;SIR-TSTAT-KT;5;23.23
2024-05;SIR-TSTAT-KT;6;23.23
2024-06;SIR-TSTAT-KT;6;23.23
2024-07;SIR-TSTAT-KT;6;23.23
2024-08;SIR-TSTAT-KT;6;23.23
2024-09;SIR-TSTAT-KT;5;23.23
2024-10;SIR-TSTAT-KT;5;23.23
2024-11;SIR-TSTAT-KT;4;23.23
2024-12;SIR-TSTAT-KT;4;23.23
2025-01;SIR-TSTAT-KT;5;23.54
2025-02;SIR-TSTAT-KT;4;23.54
2025-03;SIR-TSTAT-KT;5;23.54
2025-04;SIR-TSTAT-KT;6;23.54
2025-05;SIR-TSTAT-KT;6;23.54
2025-06;SIR-TSTAT-KT;6;23.54
2025-07;SIR-TSTAT-KT;6;23.54
2025-08;SIR-TSTAT-KT;6;23.54
2025-09;SIR-TSTAT-KT;5;23.54
2025-10;SIR-TSTAT-KT;5;23.54
2025-11;SIR-TSTAT-KT;5;23.54
2025-12;SIR-TSTAT-KT;4;23.54
